0,0.0,0.0,0.15668202764976957,-0.11059907834101383,0.2764976958525346,-0.2534562211981567,0.3686635944700461,-0.3824884792626728,0.39631336405529954,-0.5069124423963134,0.08294930875576037,-0.46543778801843316,0.17511520737327188,-0.6221198156682027,0.25806451612903225,-0.5944700460829493,0.3087557603686636,-0.5207373271889401,-0.004608294930875576,-0.5023041474654378,0.03686635944700461,-0.7235023041474654,0.07834101382488479,-0.8709677419354839,0.10599078341013825,-1.0,-0.0967741935483871,-0.48847926267281105,-0.1152073732718894,-0.7142857142857143,-0.1152073732718894,-0.8571428571428571,-0.10138248847926268,-0.9815668202764977,-0.18433179723502305,-0.4377880184331797,-0.2534562211981567,-0.5898617511520737,-0.2903225806451613,-0.695852534562212,-0.3087557603686636,-0.7972350230414746
0,0.0,0.0,0.15207373271889402,-0.11981566820276497,0.2672811059907834,-0.25806451612903225,0.35944700460829493,-0.3824884792626728,0.3824884792626728,-0.511520737327189,0.06912442396313365,-0.4700460829493088,0.14746543778801843,-0.6267281105990783,0.2350230414746544,-0.5990783410138248,0.29493087557603687,-0.5299539170506913,-0.018433179723502304,-0.5023041474654378,0.018433179723502304,-0.7235023041474654,0.059907834101382486,-0.8755760368663594,0.08755760368663594,-1.0,-0.11059907834101383,-0.48847926267281105,-0.1336405529953917,-0.7142857142857143,-0.1336405529953917,-0.8617511520737328,-0.12442396313364056,-0.9861751152073732,-0.19815668202764977,-0.43317972350230416,-0.2672811059907834,-0.5898617511520737,-0.30414746543778803,-0.7004608294930875,-0.3271889400921659,-0.8018433179723502
0,0.0,0.0,0.14732142857142858,-0.11607142857142858,0.25892857142857145,-0.25892857142857145,0.3482142857142857,-0.38839285714285715,0.3794642857142857,-0.5133928571428571,0.06696428571428571,-0.4732142857142857,0.15178571428571427,-0.6294642857142857,0.23660714285714285,-0.5982142857142857,0.29464285714285715,-0.53125,-0.017857142857142856,-0.5044642857142857,0.017857142857142856,-0.7232142857142857,0.05803571428571429,-0.8705357142857143,0.08482142857142858,-1.0,-0.11160714285714286,-0.49107142857142855,-0.12946428571428573,-0.7098214285714286,-0.125,-0.8526785714285714,-0.11160714285714286,-0.9776785714285714,-0.19642857142857142,-0.4330357142857143,-0.26339285714285715,-0.5848214285714286,-0.29910714285714285,-0.6964285714285714,-0.32142857142857145,-0.7946428571428571
0,0.0,0.0,0.1459227467811159,-0.11587982832618025,0.26609442060085836,-0.26180257510729615,0.3562231759656652,-0.3905579399141631,0.3948497854077253,-0.5064377682403434,0.08583690987124463,-0.48068669527896996,0.1759656652360515,-0.6394849785407726,0.26180257510729615,-0.6051502145922747,0.31759656652360513,-0.5364806866952789,0.0,-0.5150214592274678,0.03862660944206009,-0.7381974248927039,0.0815450643776824,-0.8798283261802575,0.11158798283261803,-1.0,-0.0944206008583691,-0.5021459227467812,-0.1072961373390558,-0.721030042918455,-0.10300429184549356,-0.8626609442060086,-0.0944206008583691,-0.9828326180257511,-0.18454935622317598,-0.44206008583690987,-0.24892703862660945,-0.592274678111588,-0.2918454935622318,-0.6952789699570815,-0.3218884120171674,-0.7854077253218884
0,0.0,0.0,0.14979757085020243,-0.1214574898785425,0.26720647773279355,-0.27125506072874495,0.3522267206477733,-0.3967611336032389,0.3805668016194332,-0.5182186234817814,0.08097165991902834,-0.4817813765182186,0.1659919028340081,-0.6396761133603239,0.25101214574898784,-0.6032388663967612,0.30364372469635625,-0.5263157894736842,-0.008097165991902834,-0.5101214574898786,0.03643724696356275,-0.7327935222672065,0.0728744939271255,-0.8785425101214575,0.0931174089068826,-1.0,-0.09716599190283401,-0.4939271255060729,-0.11336032388663968,-0.7206477732793523,-0.11336032388663968,-0.8663967611336032,-0.10931174089068826,-0.9838056680161943,-0.1902834008097166,-0.4331983805668016,-0.25101214574898784,-0.5870445344129555,-0.291497975708502,-0.6923076923076923,-0.32388663967611336,-0.7813765182186235
0,0.0,0.0,0.14901960784313725,-0.12156862745098039,0.26666666666666666,-0.26666666666666666,0.3607843137254902,-0.396078431372549,0.3686274509803922,-0.5176470588235295,0.08235294117647059,-0.4823529411764706,0.16470588235294117,-0.6431372549019608,0.24705882352941178,-0.6078431372549019,0.2980392156862745,-0.5294117647058824,-0.00392156862745098,-0.5137254901960784,0.0392156862745098,-0.7333333333333333,0.0784313725490196,-0.8784313725490196,0.10196078431372549,-1.0,-0.09803921568627451,-0.5019607843137255,-0.10980392156862745,-0.7215686274509804,-0.10980392156862745,-0.8666666666666667,-0.09803921568627451,-0.984313725490196,-0.19215686274509805,-0.44313725490196076,-0.2549019607843137,-0.596078431372549,-0.2901960784313726,-0.7058823529411765,-0.30980392156862746,-0.8
0,0.0,0.0,0.14760147601476015,-0.12546125461254612,0.2656826568265683,-0.2767527675276753,0.35424354243542433,-0.3985239852398524,0.36900369003690037,-0.5166051660516605,0.08487084870848709,-0.4870848708487085,0.16605166051660517,-0.6457564575645757,0.24723247232472326,-0.6125461254612546,0.2988929889298893,-0.5387453874538746,0.0,-0.5166051660516605,0.04428044280442804,-0.7306273062730627,0.08487084870848709,-0.8745387453874539,0.11808118081180811,-1.0,-0.09225092250922509,-0.5018450184501845,-0.0996309963099631,-0.7232472324723247,-0.1033210332103321,-0.8745387453874539,-0.0959409594095941,-1.0,-0.1881918819188192,-0.44280442804428044,-0.24723247232472326,-0.5977859778597786,-0.2915129151291513,-0.7084870848708487,-0.3210332103321033,-0.8081180811808119
0,0.0,0.0,0.14634146341463414,-0.1254355400696864,0.2613240418118467,-0.2787456445993031,0.3519163763066202,-0.39372822299651566,0.3623693379790941,-0.5052264808362369,0.08362369337979095,-0.4912891986062718,0.16376306620209058,-0.6445993031358885,0.24738675958188153,-0.5993031358885017,0.30313588850174217,-0.5226480836236934,0.0,-0.519163763066202,0.04529616724738676,-0.7317073170731707,0.09059233449477352,-0.8745644599303136,0.1254355400696864,-0.9965156794425087,-0.09059233449477352,-0.49825783972125437,-0.0975609756097561,-0.7212543554006968,-0.09059233449477352,-0.8710801393728222,-0.07665505226480836,-1.0,-0.18118466898954705,-0.4355400696864111,-0.24041811846689895,-0.5993031358885017,-0.28222996515679444,-0.7177700348432056,-0.30662020905923343,-0.8222996515679443
0,0.0,0.0,0.14726027397260275,-0.11986301369863013,0.2671232876712329,-0.2773972602739726,0.3561643835616438,-0.3972602739726027,0.3767123287671233,-0.5136986301369864,0.09246575342465753,-0.4965753424657534,0.17465753424657535,-0.6506849315068494,0.2602739726027397,-0.6061643835616438,0.3116438356164384,-0.5273972602739726,0.00684931506849315,-0.523972602739726,0.0547945205479452,-0.7328767123287672,0.10273972602739725,-0.8767123287671232,0.1404109589041096,-0.9965753424657534,-0.0821917808219178,-0.5068493150684932,-0.08561643835616438,-0.726027397260274,-0.07191780821917808,-0.8732876712328768,-0.05136986301369863,-1.0,-0.17123287671232876,-0.4452054794520548,-0.2226027397260274,-0.6095890410958904,-0.25,-0.726027397260274,-0.2671232876712329,-0.8321917808219178
0,0.0,0.0,0.15282392026578073,-0.11627906976744186,0.2757475083056478,-0.2757475083056478,0.3654485049833887,-0.39867109634551495,0.38205980066445183,-0.5083056478405316,0.09634551495016612,-0.4950166112956811,0.17275747508305647,-0.654485049833887,0.26245847176079734,-0.6079734219269103,0.31893687707641194,-0.53156146179402,0.009966777408637873,-0.521594684385382,0.059800664451827246,-0.7275747508305648,0.10963455149501661,-0.8704318936877077,0.1461794019933555,-0.9933554817275747,-0.07641196013289037,-0.5016611295681063,-0.07641196013289037,-0.7209302325581395,-0.06312292358803986,-0.8737541528239202,-0.04318936877076412,-1.0,-0.16611295681063123,-0.4418604651162791,-0.2059800664451827,-0.6146179401993356,-0.2292358803986711,-0.7342192691029901,-0.23920265780730898,-0.8372093023255814
0,0.0,0.0,0.15602836879432624,-0.12056737588652482,0.28368794326241137,-0.2765957446808511,0.36879432624113473,-0.40070921985815605,0.40425531914893614,-0.5177304964539007,0.10638297872340426,-0.5,0.19858156028368795,-0.6631205673758865,0.28368794326241137,-0.624113475177305,0.32978723404255317,-0.5460992907801419,0.01773049645390071,-0.5319148936170213,0.07092198581560284,-0.74822695035461,0.12056737588652482,-0.8865248226950354,0.15602836879432624,-1.0,-0.07092198581560284,-0.5177304964539007,-0.0673758865248227,-0.7375886524822695,-0.05319148936170213,-0.8794326241134752,-0.031914893617021274,-1.0,-0.1595744680851064,-0.46099290780141844,-0.19858156028368795,-0.6205673758865248,-0.2198581560283688,-0.7304964539007093,-0.23404255319148937,-0.8262411347517731
0,0.0,0.0,0.1487603305785124,-0.11983471074380166,0.2644628099173554,-0.2727272727272727,0.35537190082644626,-0.40082644628099173,0.3884297520661157,-0.5289256198347108,0.08264462809917356,-0.48760330578512395,0.1652892561983471,-0.6446280991735537,0.256198347107438,-0.6198347107438017,0.3181818181818182,-0.5578512396694215,0.004132231404958678,-0.5206611570247934,0.04132231404958678,-0.7396694214876033,0.08677685950413223,-0.8801652892561983,0.11983471074380166,-0.9917355371900827,-0.07851239669421488,-0.5082644628099173,-0.09090909090909091,-0.731404958677686,-0.08264462809917356,-0.8801652892561983,-0.06198347107438017,-1.0,-0.16115702479338842,-0.45454545454545453,-0.21487603305785125,-0.6198347107438017,-0.24380165289256198,-0.7355371900826446,-0.2603305785123967,-0.8347107438016529
0,0.0,0.0,0.1440677966101695,-0.1228813559322034,0.2457627118644068,-0.2796610169491525,0.3305084745762712,-0.4110169491525424,0.3601694915254237,-0.5338983050847458,0.046610169491525424,-0.4830508474576271,0.11864406779661017,-0.635593220338983,0.21610169491525424,-0.6186440677966102,0.2838983050847458,-0.559322033898305,-0.038135593220338986,-0.5084745762711864,-0.03389830508474576,-0.7330508474576272,-0.012711864406779662,-0.8813559322033898,0.0,-1.0,-0.11440677966101695,-0.4915254237288136,-0.15677966101694915,-0.7033898305084746,-0.1652542372881356,-0.847457627118644,-0.1694915254237288,-0.9661016949152542,-0.18220338983050846,-0.4322033898305085,-0.25,-0.5889830508474576,-0.2838983050847458,-0.6949152542372882,-0.3050847457627119,-0.7923728813559322
0,0.0,0.0,0.13973799126637554,-0.12663755458515283,0.2445414847161572,-0.27510917030567683,0.32751091703056767,-0.3930131004366812,0.3624454148471616,-0.5152838427947598,0.043668122270742356,-0.4759825327510917,0.1222707423580786,-0.6244541484716157,0.2183406113537118,-0.6069868995633187,0.2925764192139738,-0.5502183406113537,-0.034934497816593885,-0.5109170305676856,-0.039301310043668124,-0.7336244541484717,-0.013100436681222707,-0.8820960698689956,0.0,-1.0,-0.11353711790393013,-0.49344978165938863,-0.1572052401746725,-0.7030567685589519,-0.1703056768558952,-0.8427947598253275,-0.17467248908296942,-0.9606986899563319,-0.18340611353711792,-0.43231441048034935,-0.2576419213973799,-0.5851528384279476,-0.29694323144104806,-0.6943231441048034,-0.3231441048034934,-0.7860262008733624
0,0.0,0.0,0.12149532710280374,-0.16355140186915887,0.19158878504672897,-0.35046728971962615,0.2570093457943925,-0.5093457943925234,0.2757009345794392,-0.6448598130841121,-0.06542056074766354,-0.49065420560747663,-0.014018691588785047,-0.6542056074766355,0.08878504672897196,-0.6728971962616822,0.17289719626168223,-0.6401869158878505,-0.16355140186915887,-0.5046728971962616,-0.2102803738317757,-0.7289719626168224,-0.22429906542056074,-0.8785046728971962,-0.24766355140186916,-1.0,-0.24299065420560748,-0.4766355140186916,-0.3364485981308411,-0.6682242990654206,-0.37850467289719625,-0.8084112149532711,-0.40654205607476634,-0.9205607476635514,-0.308411214953271,-0.40186915887850466,-0.411214953271028,-0.5420560747663551,-0.4766355140186916,-0.6448598130841121,-0.5233644859813084,-0.7289719626168224
0,0.0,0.0,0.1267605633802817,-0.1596244131455399,0.19718309859154928,-0.3474178403755869,0.26291079812206575,-0.5117370892018779,0.28169014084507044,-0.6525821596244131,-0.051643192488262914,-0.4835680751173709,0.0,-0.6525821596244131,0.09389671361502347,-0.676056338028169,0.17370892018779344,-0.647887323943662,-0.15492957746478872,-0.49765258215962443,-0.20657276995305165,-0.7230046948356808,-0.22065727699530516,-0.8732394366197183,-0.23943661971830985,-1.0,-0.2347417840375587,-0.4647887323943662,-0.3286384976525822,-0.6619718309859155,-0.3755868544600939,-0.7934272300469484,-0.4131455399061033,-0.9014084507042254,-0.3051643192488263,-0.39436619718309857,-0.4084507042253521,-0.5352112676056338,-0.47417840375586856,-0.6338028169014085,-0.5258215962441315,-0.7230046948356808
0,0.0,0.0,0.11818181818181818,-0.1590909090909091,0.19090909090909092,-0.33181818181818185,0.2636363636363636,-0.4863636363636364,0.29545454545454547,-0.6227272727272727,-0.04090909090909091,-0.4772727272727273,0.022727272727272728,-0.6409090909090909,0.12272727272727273,-0.6590909090909091,0.2,-0.6272727272727273,-0.13636363636363635,-0.4954545454545455,-0.17727272727272728,-0.7181818181818181,-0.18181818181818182,-0.8681818181818182,-0.19545454545454546,-1.0,-0.21818181818181817,-0.4681818181818182,-0.30454545454545456,-0.6590909090909091,-0.35,-0.7954545454545454,-0.38181818181818183,-0.9090909090909091,-0.2818181818181818,-0.4,-0.38181818181818183,-0.5363636363636364,-0.44545454545454544,-0.6318181818181818,-0.4954545454545455,-0.7227272727272728
0,0.0,0.0,0.15789473684210525,-0.11842105263157894,0.2850877192982456,-0.2543859649122807,0.39473684210526316,-0.37280701754385964,0.45614035087719296,-0.49122807017543857,0.10526315789473684,-0.47368421052631576,0.2149122807017544,-0.6052631578947368,0.31140350877192985,-0.5789473684210527,0.37280701754385964,-0.5087719298245614,0.021929824561403508,-0.5131578947368421,0.05701754385964912,-0.7412280701754386,0.09649122807017543,-0.8859649122807017,0.11842105263157894,-1.0,-0.06578947368421052,-0.5043859649122807,-0.09649122807017543,-0.7192982456140351,-0.10526315789473684,-0.8640350877192983,-0.10964912280701754,-0.9824561403508771,-0.14473684210526316,-0.45614035087719296,-0.21052631578947367,-0.6140350877192983,-0.24561403508771928,-0.7236842105263158,-0.27631578947368424,-0.8157894736842105
0,0.0,0.0,0.16740088105726872,-0.1145374449339207,0.30837004405286345,-0.23788546255506607,0.42731277533039647,-0.3436123348017621,0.5022026431718062,-0.4581497797356828,0.14537444933920704,-0.47577092511013214,0.27312775330396477,-0.6123348017621145,0.3700440528634361,-0.5594713656387665,0.42290748898678415,-0.4801762114537445,0.06607929515418502,-0.5242290748898678,0.12334801762114538,-0.7400881057268722,0.1762114537444934,-0.8766519823788547,0.21585903083700442,-0.9955947136563876,-0.02643171806167401,-0.5154185022026432,-0.03524229074889868,-0.7400881057268722,-0.02643171806167401,-0.8810572687224669,-0.01762114537444934,-1.0,-0.1145374449339207,-0.4669603524229075,-0.16740088105726872,-0.6343612334801763,-0.2026431718061674,-0.748898678414097,-0.22466960352422907,-0.8502202643171806
0,0.0,0.0,0.1762114537444934,-0.1013215859030837,0.31718061674008813,-0.21145374449339208,0.43612334801762115,-0.30837004405286345,0.5066079295154186,-0.4185022026431718,0.15859030837004406,-0.46255506607929514,0.29515418502202645,-0.5859030837004405,0.3832599118942731,-0.5330396475770925,0.43171806167400884,-0.44933920704845814,0.07929515418502203,-0.5110132158590308,0.14977973568281938,-0.7312775330396476,0.21585903083700442,-0.8678414096916299,0.2599118942731278,-0.986784140969163,-0.00881057268722467,-0.5110132158590308,-0.00881057268722467,-0.7312775330396476,0.004405286343612335,-0.8766519823788547,0.01762114537444934,-1.0,-0.09691629955947137,-0.4713656387665198,-0.14537444933920704,-0.6343612334801763,-0.17180616740088106,-0.748898678414097,-0.1894273127753304,-0.8502202643171806
0,0.0,0.0,-0.16510903426791276,-0.09345794392523364,-0.3115264797507788,-0.21495327102803738,-0.4392523364485981,-0.2866043613707165,-0.5327102803738317,-0.3644859813084112,-0.1806853582554517,-0.4766355140186916,-0.3333333333333333,-0.5607476635514018,-0.42679127725856697,-0.48286604361370716,-0.4735202492211838,-0.3956386292834891,-0.09657320872274143,-0.514018691588785,-0.18691588785046728,-0.735202492211838,-0.2803738317757009,-0.8629283489096573,-0.3707165109034268,-0.9688473520249221,0.009345794392523364,-0.48909657320872274,-0.009345794392523364,-0.7289719626168224,-0.056074766355140186,-0.8691588785046729,-0.11214953271028037,-1.0,0.11526479750778816,-0.4143302180685358,0.17133956386292834,-0.5919003115264797,0.1806853582554517,-0.719626168224299,0.17133956386292834,-0.8411214953271028
0,0.0,0.0,-0.16819571865443425,-0.09785932721712538,-0.3149847094801223,-0.21712538226299694,-0.44036697247706424,-0.2874617737003058,-0.5321100917431193,-0.3669724770642202,-0.19877675840978593,-0.4801223241590214,-0.3486238532110092,-0.5688073394495413,-0.43730886850152906,-0.48623853211009177,-0.4740061162079511,-0.3944954128440367,-0.1162079510703364,-0.5198776758409785,-0.21100917431192662,-0.7431192660550459,-0.30275229357798167,-0.8654434250764526,-0.38837920489296635,-0.963302752293578,-0.0061162079510703364,-0.5015290519877675,-0.03058103975535168,-0.7339449541284404,-0.07951070336391437,-0.8715596330275229,-0.13149847094801223,-1.0,0.10091743119266056,-0.42813455657492355,0.14678899082568808,-0.6024464831804281,0.15902140672782875,-0.72782874617737,0.15902140672782875,-0.8470948012232415
0,0.0,0.0,-0.1705685618729097,-0.11371237458193979,-0.31438127090301005,-0.23076923076923078,-0.43812709030100333,-0.2976588628762542,-0.5183946488294314,-0.38127090301003347,-0.1806020066889632,-0.49498327759197325,-0.33444816053511706,-0.568561872909699,-0.42474916387959866,-0.4882943143812709,-0.46153846153846156,-0.4013377926421405,-0.10033444816053512,-0.5317725752508361,-0.18729096989966554,-0.7525083612040134,-0.27759197324414714,-0.8729096989966555,-0.36454849498327757,-0.9732441471571907,-0.0033444816053511705,-0.5150501672240803,-0.006688963210702341,-0.7391304347826086,-0.05351170568561873,-0.8762541806020067,-0.11371237458193979,-1.0,0.09364548494983277,-0.4414715719063545,0.16722408026755853,-0.6053511705685619,0.18394648829431437,-0.7324414715719063,0.17391304347826086,-0.8494983277591973
0,0.0,0.0,-0.17253521126760563,-0.11267605633802817,-0.31338028169014087,-0.23943661971830985,-0.43661971830985913,-0.30633802816901406,-0.5140845070422535,-0.38380281690140844,-0.176056338028169,-0.49295774647887325,-0.3274647887323944,-0.5669014084507042,-0.4225352112676056,-0.4894366197183099,-0.4647887323943662,-0.40492957746478875,-0.10211267605633803,-0.5316901408450704,-0.19014084507042253,-0.7464788732394366,-0.2676056338028169,-0.8732394366197183,-0.3345070422535211,-0.9753521126760564,-0.007042253521126761,-0.5176056338028169,-0.014084507042253521,-0.7394366197183099,-0.0528169014084507,-0.8767605633802817,-0.09859154929577464,-1.0,0.08450704225352113,-0.4507042253521127,0.14788732394366197,-0.6126760563380281,0.16901408450704225,-0.7359154929577465,0.17253521126760563,-0.8556338028169014
0,0.0,0.0,-0.17343173431734318,-0.11070110701107011,-0.3173431734317343,-0.22878228782287824,-0.43911439114391143,-0.2988929889298893,-0.5202952029520295,-0.3837638376383764,-0.18450184501845018,-0.4907749077490775,-0.33210332103321033,-0.5645756457564576,-0.42435424354243545,-0.4870848708487085,-0.4612546125461255,-0.3985239852398524,-0.1033210332103321,-0.5387453874538746,-0.1918819188191882,-0.7453874538745388,-0.2767527675276753,-0.8708487084870848,-0.34686346863468637,-0.9704797047970479,0.0,-0.5239852398523985,-0.01107011070110701,-0.7416974169741697,-0.05166051660516605,-0.8782287822878229,-0.1033210332103321,-1.0,0.09225092250922509,-0.4575645756457565,0.15129151291512916,-0.6236162361623616,0.16974169741697417,-0.7453874538745388,0.16974169741697417,-0.8597785977859779
0,0.0,0.0,-0.17131474103585656,-0.10756972111553785,-0.3147410358565737,-0.22310756972111553,-0.44223107569721115,-0.29880478087649404,-0.5139442231075697,-0.3904382470119522,-0.17131474103585656,-0.4900398406374502,-0.3187250996015936,-0.5657370517928287,-0.41434262948207173,-0.4940239043824701,-0.4541832669322709,-0.4103585657370518,-0.09163346613545817,-0.5338645418326693,-0.1752988047808765,-0.7370517928286853,-0.24701195219123506,-0.8565737051792829,-0.3107569721115538,-0.9482071713147411,0.00796812749003984,-0.5258964143426295,0.0,-0.7450199203187251,-0.0398406374501992,-0.8844621513944223,-0.08764940239043825,-1.0,0.099601593625498,-0.46215139442231074,0.16334661354581673,-0.6215139442231076,0.18326693227091634,-0.7450199203187251,0.18725099601593626,-0.8605577689243028
0,0.0,0.0,-0.1721311475409836,-0.10655737704918032,-0.3155737704918033,-0.22131147540983606,-0.4344262295081967,-0.29098360655737704,-0.5163934426229508,-0.3770491803278688,-0.1721311475409836,-0.48770491803278687,-0.32786885245901637,-0.5614754098360656,-0.4180327868852459,-0.48360655737704916,-0.45491803278688525,-0.3975409836065574,-0.09836065573770492,-0.5327868852459017,-0.18442622950819673,-0.7377049180327869,-0.26639344262295084,-0.860655737704918,-0.3442622950819672,-0.9549180327868853,0.0,-0.5204918032786885,-0.012295081967213115,-0.7459016393442623,-0.05737704918032787,-0.8811475409836066,-0.10655737704918032,-1.0,0.0942622950819672,-0.45901639344262296,0.1557377049180328,-0.6229508196721312,0.1680327868852459,-0.7459016393442623,0.1721311475409836,-0.860655737704918
0,0.0,0.0,-0.18025751072961374,-0.0944206008583691,-0.33047210300429186,-0.20600858369098712,-0.45493562231759654,-0.2875536480686695,-0.5236051502145923,-0.38626609442060084,-0.19742489270386265,-0.47639484978540775,-0.34334763948497854,-0.5665236051502146,-0.4291845493562232,-0.4892703862660944,-0.4592274678111588,-0.39914163090128757,-0.11158798283261803,-0.5321888412017167,-0.20600858369098712,-0.7339055793991416,-0.2832618025751073,-0.8540772532188842,-0.351931330472103,-0.9527896995708155,-0.004291845493562232,-0.5236051502145923,-0.02145922746781116,-0.7424892703862661,-0.06866952789699571,-0.8798283261802575,-0.11587982832618025,-1.0,0.0944206008583691,-0.463519313304721,0.15021459227467812,-0.630901287553648,0.16738197424892703,-0.7553648068669528,0.16738197424892703,-0.8669527896995708
0,0.0,0.0,-0.17543859649122806,-0.08771929824561403,-0.32894736842105265,-0.19298245614035087,-0.4649122807017544,-0.2719298245614035,-0.5394736842105263,-0.3684210526315789,-0.20175438596491227,-0.4780701754385965,-0.3508771929824561,-0.5614035087719298,-0.44298245614035087,-0.4956140350877193,-0.4692982456140351,-0.41228070175438597,-0.11842105263157894,-0.5350877192982456,-0.21929824561403508,-0.7324561403508771,-0.3026315789473684,-0.8508771929824561,-0.37280701754385964,-0.9473684210526315,-0.008771929824561403,-0.5307017543859649,-0.03508771929824561,-0.7456140350877193,-0.07894736842105263,-0.881578947368421,-0.12719298245614036,-1.0,0.09649122807017543,-0.47368421052631576,0.14912280701754385,-0.6359649122807017,0.16666666666666666,-0.7631578947368421,0.17105263157894737,-0.8771929824561403
0,0.0,0.0,-0.17543859649122806,-0.08771929824561403,-0.32894736842105265,-0.19298245614035087,-0.4649122807017544,-0.2675438596491228,-0.5350877192982456,-0.36403508771929827,-0.20175438596491227,-0.47368421052631576,-0.35964912280701755,-0.5526315789473685,-0.4473684210526316,-0.4780701754385965,-0.4692982456140351,-0.39035087719298245,-0.11403508771929824,-0.5307017543859649,-0.21929824561403508,-0.7324561403508771,-0.2982456140350877,-0.8508771929824561,-0.3684210526315789,-0.9473684210526315,-0.0043859649122807015,-0.5307017543859649,-0.03070175438596491,-0.7456140350877193,-0.07894736842105263,-0.881578947368421,-0.13157894736842105,-1.0,0.10087719298245613,-0.47368421052631576,0.15350877192982457,-0.6359649122807017,0.17105263157894737,-0.7587719298245614,0.17543859649122806,-0.8771929824561403
0,0.0,0.0,-0.17982456140350878,-0.08771929824561403,-0.3333333333333333,-0.19298245614035087,-0.4649122807017544,-0.2675438596491228,-0.5394736842105263,-0.36403508771929827,-0.20175438596491227,-0.47368421052631576,-0.36403508771929827,-0.5570175438596491,-0.4517543859649123,-0.4780701754385965,-0.47368421052631576,-0.39035087719298245,-0.11842105263157894,-0.5307017543859649,-0.2236842105263158,-0.7324561403508771,-0.3026315789473684,-0.8508771929824561,-0.37280701754385964,-0.9517543859649122,-0.008771929824561403,-0.5307017543859649,-0.03508771929824561,-0.7456140350877193,-0.08333333333333333,-0.881578947368421,-0.13596491228070176,-1.0,0.09649122807017543,-0.47368421052631576,0.14912280701754385,-0.6359649122807017,0.16666666666666666,-0.7587719298245614,0.17105263157894737,-0.8771929824561403
0,0.0,0.0,-0.17982456140350878,-0.08771929824561403,-0.3333333333333333,-0.19298245614035087,-0.4692982456140351,-0.2675438596491228,-0.5394736842105263,-0.36403508771929827,-0.20614035087719298,-0.47368421052631576,-0.36403508771929827,-0.5570175438596491,-0.4517543859649123,-0.4824561403508772,-0.47368421052631576,-0.39035087719298245,-0.11842105263157894,-0.5307017543859649,-0.2236842105263158,-0.7324561403508771,-0.3026315789473684,-0.8508771929824561,-0.37280701754385964,-0.9517543859649122,-0.008771929824561403,-0.5307017543859649,-0.03508771929824561,-0.7456140350877193,-0.08333333333333333,-0.881578947368421,-0.13596491228070176,-1.0,0.09649122807017543,-0.47368421052631576,0.14912280701754385,-0.6359649122807017,0.16666666666666666,-0.7587719298245614,0.17105263157894737,-0.8771929824561403
0,0.0,0.0,-0.17467248908296942,-0.08733624454148471,-0.3318777292576419,-0.19213973799126638,-0.47161572052401746,-0.26200873362445415,-0.5414847161572053,-0.35807860262008734,-0.2052401746724891,-0.4759825327510917,-0.36681222707423583,-0.5502183406113537,-0.45414847161572053,-0.4759825327510917,-0.4759825327510917,-0.3930131004366812,-0.1222707423580786,-0.5327510917030568,-0.22707423580786026,-0.7379912663755459,-0.31004366812227074,-0.8558951965065502,-0.38427947598253276,-0.9519650655021834,-0.013100436681222707,-0.5327510917030568,-0.039301310043668124,-0.7467248908296943,-0.08733624454148471,-0.8820960698689956,-0.13973799126637554,-1.0,0.09170305676855896,-0.47161572052401746,0.14410480349344978,-0.6375545851528385,0.1615720524017467,-0.7641921397379913,0.16593886462882096,-0.8777292576419214
0,0.0,0.0,-0.17467248908296942,-0.08733624454148471,-0.32751091703056767,-0.19213973799126638,-0.4672489082969432,-0.2663755458515284,-0.5414847161572053,-0.36681222707423583,-0.2052401746724891,-0.4759825327510917,-0.3624454148471616,-0.5502183406113537,-0.4497816593886463,-0.48034934497816595,-0.4759825327510917,-0.39737991266375544,-0.1222707423580786,-0.5327510917030568,-0.22707423580786026,-0.7379912663755459,-0.31004366812227074,-0.8558951965065502,-0.38427947598253276,-0.9519650655021834,-0.013100436681222707,-0.5327510917030568,-0.039301310043668124,-0.7467248908296943,-0.08733624454148471,-0.8820960698689956,-0.13973799126637554,-1.0,0.09170305676855896,-0.4759825327510917,0.14847161572052403,-0.6375545851528385,0.16593886462882096,-0.759825327510917,0.16593886462882096,-0.8777292576419214
0,0.0,0.0,-0.1703056768558952,-0.08733624454148471,-0.32751091703056767,-0.19213973799126638,-0.4672489082969432,-0.2663755458515284,-0.5414847161572053,-0.3624454148471616,-0.2052401746724891,-0.4759825327510917,-0.36681222707423583,-0.5502183406113537,-0.4497816593886463,-0.4759825327510917,-0.47161572052401746,-0.3930131004366812,-0.1222707423580786,-0.5327510917030568,-0.22707423580786026,-0.7379912663755459,-0.31004366812227074,-0.8558951965065502,-0.38427947598253276,-0.9475982532751092,-0.013100436681222707,-0.5327510917030568,-0.039301310043668124,-0.7467248908296943,-0.08733624454148471,-0.8820960698689956,-0.13973799126637554,-1.0,0.09170305676855896,-0.4759825327510917,0.14847161572052403,-0.6375545851528385,0.16593886462882096,-0.7641921397379913,0.16593886462882096,-0.8777292576419214
0,0.0,0.0,-0.17467248908296942,-0.08733624454148471,-0.3318777292576419,-0.18777292576419213,-0.462882096069869,-0.26200873362445415,-0.537117903930131,-0.3537117903930131,-0.20087336244541484,-0.4759825327510917,-0.35807860262008734,-0.5458515283842795,-0.44541484716157204,-0.47161572052401746,-0.47161572052401746,-0.38427947598253276,-0.1222707423580786,-0.5283842794759825,-0.22270742358078602,-0.7336244541484717,-0.3056768558951965,-0.851528384279476,-0.3799126637554585,-0.9475982532751092,-0.013100436681222707,-0.5283842794759825,-0.043668122270742356,-0.7467248908296943,-0.08733624454148471,-0.8820960698689956,-0.13973799126637554,-1.0,0.09170305676855896,-0.47161572052401746,0.14847161572052403,-0.6419213973799127,0.16593886462882096,-0.7641921397379913,0.1703056768558952,-0.8777292576419214
0,0.0,0.0,-0.17982456140350878,-0.08333333333333333,-0.32894736842105265,-0.18859649122807018,-0.4649122807017544,-0.2675438596491228,-0.5394736842105263,-0.36403508771929827,-0.20175438596491227,-0.47368421052631576,-0.3508771929824561,-0.5570175438596491,-0.43859649122807015,-0.49122807017543857,-0.4692982456140351,-0.40350877192982454,-0.12280701754385964,-0.5307017543859649,-0.21929824561403508,-0.7324561403508771,-0.3026315789473684,-0.8508771929824561,-0.37719298245614036,-0.9473684210526315,-0.013157894736842105,-0.5307017543859649,-0.039473684210526314,-0.7456140350877193,-0.09210526315789473,-0.881578947368421,-0.14035087719298245,-1.0,0.09210526315789473,-0.47368421052631576,0.14912280701754385,-0.6403508771929824,0.16666666666666666,-0.7631578947368421,0.17105263157894737,-0.881578947368421
0,0.0,0.0,-0.1724137931034483,-0.08620689655172414,-0.3275862068965517,-0.1896551724137931,-0.46120689655172414,-0.2629310344827586,-0.5344827586206896,-0.3620689655172414,-0.2025862068965517,-0.47413793103448276,-0.3577586206896552,-0.5474137931034483,-0.44396551724137934,-0.47413793103448276,-0.46551724137931033,-0.38362068965517243,-0.1206896551724138,-0.5301724137931034,-0.21982758620689655,-0.7327586206896551,-0.2974137931034483,-0.8491379310344828,-0.3706896551724138,-0.9439655172413793,-0.01293103448275862,-0.5301724137931034,-0.03879310344827586,-0.7456896551724138,-0.08620689655172414,-0.8836206896551724,-0.13793103448275862,-1.0,0.09051724137931035,-0.47413793103448276,0.14655172413793102,-0.6379310344827587,0.16379310344827586,-0.7629310344827587,0.16810344827586207,-0.8793103448275862
0,0.0,0.0,-0.17916666666666667,-0.09166666666666666,-0.3375,-0.19583333333333333,-0.475,-0.2625,-0.5541666666666667,-0.3458333333333333,-0.20833333333333334,-0.4791666666666667,-0.3625,-0.5541666666666667,-0.45,-0.4791666666666667,-0.48333333333333334,-0.3958333333333333,-0.125,-0.5333333333333333,-0.225,-0.7375,-0.30833333333333335,-0.8583333333333333,-0.38333333333333336,-0.9583333333333334,-0.016666666666666666,-0.525,-0.04583333333333333,-0.7458333333333333,-0.09166666666666666,-0.8791666666666667,-0.14166666666666666,-1.0,0.0875,-0.4666666666666667,0.14166666666666666,-0.6333333333333333,0.1625,-0.7541666666666667,0.16666666666666666,-0.8708333333333333
0,0.0,0.0,-0.1791044776119403,-0.09701492537313433,-0.3358208955223881,-0.208955223880597,-0.4701492537313433,-0.27238805970149255,-0.5559701492537313,-0.35447761194029853,-0.22388059701492538,-0.48880597014925375,-0.3805970149253731,-0.5634328358208955,-0.4664179104477612,-0.47761194029850745,-0.4962686567164179,-0.3805970149253731,-0.1417910447761194,-0.5373134328358209,-0.23880597014925373,-0.7425373134328358,-0.3283582089552239,-0.8619402985074627,-0.41044776119402987,-0.9589552238805971,-0.03731343283582089,-0.5223880597014925,-0.055970149253731345,-0.746268656716418,-0.10820895522388059,-0.8843283582089553,-0.17164179104477612,-1.0,0.06343283582089553,-0.4552238805970149,0.13432835820895522,-0.6194029850746269,0.15298507462686567,-0.7425373134328358,0.15671641791044777,-0.8619402985074627
0,0.0,0.0,-0.1625441696113074,-0.09187279151943463,-0.31095406360424027,-0.2049469964664311,-0.4416961130742049,-0.2756183745583039,-0.5265017667844523,-0.36042402826855124,-0.19434628975265017,-0.4840989399293286,-0.34275618374558303,-0.5653710247349824,-0.43462897526501765,-0.4911660777385159,-0.4734982332155477,-0.3992932862190813,-0.10954063604240283,-0.5300353356890459,-0.1978798586572438,-0.7420494699646644,-0.29328621908127206,-0.8551236749116607,-0.38515901060070673,-0.9434628975265018,-0.007067137809187279,-0.5159010600706714,-0.024734982332155476,-0.7385159010600707,-0.07420494699646643,-0.8763250883392226,-0.13780918727915195,-1.0,0.0989399293286219,-0.4416961130742049,0.1696113074204947,-0.6042402826855123,0.19434628975265017,-0.7279151943462897,0.1978798586572438,-0.8409893992932862
1,0.0,0.0,0.2109704641350211,-0.05485232067510549,0.4008438818565401,-0.16455696202531644,0.5527426160337553,-0.25316455696202533,0.6835443037974683,-0.3080168776371308,0.31645569620253167,-0.4810126582278481,0.4219409282700422,-0.6666666666666666,0.4810126582278481,-0.7848101265822784,0.5316455696202531,-0.8860759493670886,0.19831223628691982,-0.5232067510548524,0.2869198312236287,-0.7426160337552743,0.3459915611814346,-0.8818565400843882,0.3881856540084388,-1.0,0.07172995780590717,-0.5189873417721519,0.1350210970464135,-0.729957805907173,0.18565400843881857,-0.869198312236287,0.2320675105485232,-0.9873417721518988,-0.07172995780590717,-0.4767932489451477,-0.0759493670886076,-0.6413502109704642,-0.07172995780590717,-0.759493670886076,-0.06329113924050633,-0.869198312236287
1,0.0,0.0,0.20491803278688525,-0.06147540983606557,0.3729508196721312,-0.1762295081967213,0.5081967213114754,-0.27459016393442626,0.6311475409836066,-0.3442622950819672,0.26639344262295084,-0.47950819672131145,0.35655737704918034,-0.6680327868852459,0.4139344262295082,-0.7827868852459017,0.46311475409836067,-0.8770491803278688,0.15163934426229508,-0.5163934426229508,0.22540983606557377,-0.7418032786885246,0.27459016393442626,-0.8811475409836066,0.3114754098360656,-1.0,0.028688524590163935,-0.5081967213114754,0.0778688524590164,-0.7131147540983607,0.11885245901639344,-0.8524590163934426,0.16393442622950818,-0.9713114754098361,-0.09836065573770492,-0.45901639344262296,-0.11065573770491803,-0.6188524590163934,-0.11475409836065574,-0.7336065573770492,-0.11065573770491803,-0.8401639344262295
1,0.0,0.0,0.18823529411764706,-0.0784313725490196,0.34901960784313724,-0.21568627450980393,0.4745098039215686,-0.32941176470588235,0.5764705882352941,-0.4117647058823529,0.22745098039215686,-0.49019607843137253,0.29411764705882354,-0.6823529411764706,0.3333333333333333,-0.8,0.36470588235294116,-0.9019607843137255,0.11372549019607843,-0.5176470588235295,0.1607843137254902,-0.7372549019607844,0.19215686274509805,-0.8784313725490196,0.21176470588235294,-1.0,-0.00392156862745098,-0.4980392156862745,0.023529411764705882,-0.7058823529411765,0.043137254901960784,-0.8431372549019608,0.06274509803921569,-0.9607843137254902,-0.12549019607843137,-0.4392156862745098,-0.15294117647058825,-0.596078431372549,-0.17254901960784313,-0.7058823529411765,-0.1843137254901961,-0.8156862745098039
1,0.0,0.0,0.1717557251908397,-0.10305343511450382,0.29389312977099236,-0.2595419847328244,0.3893129770992366,-0.3969465648854962,0.46946564885496184,-0.5,0.13740458015267176,-0.5076335877862596,0.16793893129770993,-0.6984732824427481,0.17938931297709923,-0.8129770992366412,0.19083969465648856,-0.916030534351145,0.022900763358778626,-0.5152671755725191,0.030534351145038167,-0.7366412213740458,0.04198473282442748,-0.8816793893129771,0.04580152671755725,-1.0,-0.08396946564885496,-0.4770992366412214,-0.09541984732824428,-0.6870229007633588,-0.10305343511450382,-0.8206106870229007,-0.10305343511450382,-0.9427480916030534,-0.18702290076335878,-0.40458015267175573,-0.24045801526717558,-0.549618320610687,-0.2748091603053435,-0.6564885496183206,-0.29770992366412213,-0.7595419847328244
1,0.0,0.0,0.16279069767441862,-0.11627906976744186,0.26356589147286824,-0.29844961240310075,0.34108527131782945,-0.45348837209302323,0.41472868217054265,-0.5658914728682171,0.08527131782945736,-0.5232558139534884,0.09689922480620156,-0.7209302325581395,0.09689922480620156,-0.8410852713178295,0.09302325581395349,-0.9418604651162791,-0.031007751937984496,-0.5232558139534884,-0.04263565891472868,-0.7441860465116279,-0.046511627906976744,-0.8837209302325582,-0.05426356589147287,-1.0,-0.13565891472868216,-0.47674418604651164,-0.16666666666666666,-0.6821705426356589,-0.1821705426356589,-0.813953488372093,-0.1937984496124031,-0.9302325581395349,-0.23255813953488372,-0.3953488372093023,-0.29457364341085274,-0.5387596899224806,-0.34108527131782945,-0.6395348837209303,-0.3798449612403101,-0.7364341085271318
1,0.0,0.0,0.14559386973180077,-0.12643678160919541,0.23371647509578544,-0.3103448275862069,0.2988505747126437,-0.4674329501915709,0.36015325670498083,-0.5862068965517241,0.04980842911877394,-0.524904214559387,0.05747126436781609,-0.7164750957854407,0.05363984674329502,-0.8352490421455939,0.04597701149425287,-0.9348659003831418,-0.06130268199233716,-0.5210727969348659,-0.07662835249042145,-0.7394636015325671,-0.08812260536398467,-0.8812260536398467,-0.10344827586206896,-1.0,-0.16091954022988506,-0.47126436781609193,-0.19923371647509577,-0.6781609195402298,-0.2222222222222222,-0.8122605363984674,-0.2413793103448276,-0.9310344827586207,-0.25287356321839083,-0.3793103448275862,-0.32567049808429116,-0.5134099616858238,-0.37547892720306514,-0.6091954022988506,-0.41762452107279696,-0.7049808429118773
1,0.0,0.0,0.1423076923076923,-0.13076923076923078,0.21923076923076923,-0.3230769230769231,0.27692307692307694,-0.4807692307692308,0.3346153846153846,-0.6,0.03076923076923077,-0.5346153846153846,0.023076923076923078,-0.7269230769230769,0.015384615384615385,-0.8423076923076923,0.0038461538461538464,-0.9461538461538461,-0.08076923076923077,-0.5230769230769231,-0.1076923076923077,-0.7423076923076923,-0.12307692307692308,-0.8807692307692307,-0.1423076923076923,-1.0,-0.17692307692307693,-0.46923076923076923,-0.23076923076923078,-0.6730769230769231,-0.25769230769230766,-0.8076923076923077,-0.27692307692307694,-0.9230769230769231,-0.2653846153846154,-0.3769230769230769,-0.35,-0.5115384615384615,-0.40384615384615385,-0.6076923076923076,-0.45384615384615384,-0.7038461538461539
1,0.0,0.0,0.13725490196078433,-0.13725490196078433,0.2,-0.33725490196078434,0.24313725490196078,-0.5058823529411764,0.2901960784313726,-0.6274509803921569,-0.0196078431372549,-0.5372549019607843,-0.043137254901960784,-0.7254901960784313,-0.058823529411764705,-0.8470588235294118,-0.0784313725490196,-0.9529411764705882,-0.12941176470588237,-0.5176470588235295,-0.1803921568627451,-0.7372549019607844,-0.21176470588235294,-0.8784313725490196,-0.24313725490196078,-1.0,-0.2235294117647059,-0.4588235294117647,-0.29411764705882354,-0.6509803921568628,-0.3333333333333333,-0.7843137254901961,-0.3607843137254902,-0.9019607843137255,-0.3058823529411765,-0.3568627450980392,-0.4,-0.49019607843137253,-0.4549019607843137,-0.5843137254901961,-0.5058823529411764,-0.6823529411764706
1,0.0,0.0,0.1383399209486166,-0.14624505928853754,0.19367588932806323,-0.34782608695652173,0.22924901185770752,-0.5138339920948617,0.2727272727272727,-0.6363636363636364,-0.02766798418972332,-0.5375494071146245,-0.05533596837944664,-0.7312252964426877,-0.07509881422924901,-0.8537549407114624,-0.09486166007905138,-0.9565217391304348,-0.1422924901185771,-0.5177865612648221,-0.1976284584980237,-0.7391304347826086,-0.233201581027668,-0.8774703557312253,-0.26877470355731226,-1.0,-0.233201581027668,-0.45454545454545453,-0.308300395256917,-0.6561264822134387,-0.35177865612648224,-0.7865612648221344,-0.383399209486166,-0.9051383399209486,-0.31225296442687744,-0.35177865612648224,-0.41106719367588934,-0.48221343873517786,-0.4743083003952569,-0.5810276679841897,-0.5296442687747036,-0.6758893280632411
1,0.0,0.0,0.13765182186234817,-0.14979757085020243,0.18218623481781376,-0.3643724696356275,0.20647773279352227,-0.5344129554655871,0.24696356275303644,-0.6639676113360324,-0.05668016194331984,-0.5506072874493927,-0.10121457489878542,-0.7449392712550608,-0.12550607287449392,-0.8704453441295547,-0.15384615384615385,-0.97165991902834,-0.17813765182186234,-0.5222672064777328,-0.2591093117408907,-0.7368421052631579,-0.3117408906882591,-0.8785425101214575,-0.3603238866396761,-1.0,-0.27125506072874495,-0.4493927125506073,-0.3643724696356275,-0.6437246963562753,-0.41700404858299595,-0.7773279352226721,-0.46963562753036436,-0.8947368421052632,-0.3441295546558704,-0.3360323886639676,-0.4534412955465587,-0.46558704453441296,-0.5263157894736842,-0.562753036437247,-0.5951417004048583,-0.659919028340081
1,0.0,0.0,-0.12121212121212122,-0.16835016835016836,-0.15488215488215487,-0.39057239057239057,-0.15824915824915825,-0.5622895622895623,-0.16835016835016836,-0.7070707070707071,0.08754208754208755,-0.5723905723905723,0.13804713804713806,-0.7710437710437711,0.16835016835016836,-0.8922558922558923,0.20202020202020202,-0.9966329966329966,0.21212121212121213,-0.531986531986532,0.2996632996632997,-0.7474747474747475,0.35353535353535354,-0.8855218855218855,0.4006734006734007,-1.0,0.31313131313131315,-0.45791245791245794,0.40404040404040403,-0.6565656565656566,0.4511784511784512,-0.7878787878787878,0.4882154882154882,-0.9057239057239057,0.3939393939393939,-0.3501683501683502,0.4983164983164983,-0.48484848484848486,0.5622895622895623,-0.5824915824915825,0.6161616161616161,-0.6801346801346801
1,0.0,0.0,-0.1237785016286645,-0.16286644951140064,-0.16286644951140064,-0.3745928338762215,-0.16938110749185667,-0.5439739413680782,-0.18566775244299674,-0.6938110749185668,0.0749185667752443,-0.5602605863192183,0.1237785016286645,-0.758957654723127,0.15309446254071662,-0.8794788273615635,0.18566775244299674,-0.9837133550488599,0.1986970684039088,-0.5244299674267101,0.28013029315960913,-0.742671009771987,0.3289902280130293,-0.8794788273615635,0.3713355048859935,-1.0,0.2964169381107492,-0.4495114006514658,0.38436482084690554,-0.6514657980456026,0.43322475570032576,-0.7817589576547231,0.46905537459283386,-0.9022801302931596,0.3778501628664495,-0.34201954397394135,0.4755700325732899,-0.4820846905537459,0.5342019543973942,-0.5798045602605864,0.5863192182410424,-0.6775244299674267
1,0.0,0.0,-0.13398692810457516,-0.13725490196078433,-0.19934640522875818,-0.3333333333333333,-0.238562091503268,-0.4934640522875817,-0.2777777777777778,-0.6274509803921569,-0.0032679738562091504,-0.545751633986928,0.00980392156862745,-0.7418300653594772,0.013071895424836602,-0.8594771241830066,0.026143790849673203,-0.9640522875816994,0.11437908496732026,-0.5294117647058824,0.15359477124183007,-0.7483660130718954,0.17320261437908496,-0.8823529411764706,0.19281045751633988,-1.0,0.21568627450980393,-0.4738562091503268,0.2679738562091503,-0.6764705882352942,0.29411764705882354,-0.8071895424836601,0.3104575163398693,-0.9313725490196079,0.30392156862745096,-0.38562091503267976,0.37254901960784315,-0.5326797385620915,0.4150326797385621,-0.6372549019607843,0.4477124183006536,-0.7418300653594772
1,0.0,0.0,-0.16095890410958905,-0.11643835616438356,-0.2705479452054795,-0.3013698630136986,-0.3287671232876712,-0.4554794520547945,-0.3801369863013699,-0.5787671232876712,-0.11301369863013698,-0.5308219178082192,-0.1506849315068493,-0.726027397260274,-0.17465753424657535,-0.8424657534246576,-0.18835616438356165,-0.9486301369863014,0.00684931506849315,-0.5342465753424658,0.003424657534246575,-0.7534246575342466,0.0,-0.886986301369863,0.0,-1.0,0.11643835616438356,-0.4965753424657534,0.1267123287671233,-0.7054794520547946,0.1267123287671233,-0.8321917808219178,0.1267123287671233,-0.952054794520548,0.2226027397260274,-0.4246575342465753,0.2671232876712329,-0.5753424657534246,0.2945205479452055,-0.6815068493150684,0.3150684931506849,-0.7842465753424658
1,0.0,0.0,-0.16842105263157894,-0.10877192982456141,-0.28421052631578947,-0.2912280701754386,-0.3473684210526316,-0.4421052631578947,-0.39649122807017545,-0.5614035087719298,-0.14035087719298245,-0.519298245614035,-0.1824561403508772,-0.712280701754386,-0.21403508771929824,-0.8280701754385965,-0.23508771929824562,-0.9333333333333333,-0.021052631578947368,-0.5298245614035088,-0.031578947368421054,-0.7473684210526316,-0.03859649122807018,-0.8807017543859649,-0.042105263157894736,-1.0,0.0912280701754386,-0.49473684210526314,0.09473684210526316,-0.7017543859649122,0.0912280701754386,-0.8315789473684211,0.08421052631578947,-0.9508771929824561,0.19649122807017544,-0.4245614035087719,0.23859649122807017,-0.5789473684210527,0.2631578947368421,-0.6807017543859649,0.28421052631578947,-0.7824561403508772
1,0.0,0.0,-0.1797752808988764,-0.09363295880149813,-0.31086142322097376,-0.26217228464419473,-0.38202247191011235,-0.4157303370786517,-0.4419475655430712,-0.5393258426966292,-0.16853932584269662,-0.5093632958801498,-0.2247191011235955,-0.704119850187266,-0.25842696629213485,-0.8202247191011236,-0.2808988764044944,-0.9250936329588015,-0.0449438202247191,-0.5243445692883895,-0.06741573033707865,-0.7490636704119851,-0.08239700374531835,-0.8838951310861424,-0.10112359550561797,-1.0,0.07116104868913857,-0.50187265917603,0.06741573033707865,-0.704119850187266,0.056179775280898875,-0.8389513108614233,0.03745318352059925,-0.9588014981273408,0.18352059925093633,-0.4419475655430712,0.21722846441947566,-0.5917602996254682,0.23595505617977527,-0.6928838951310862,0.250936329588015,-0.7902621722846442
1,0.0,0.0,-0.1828793774319066,-0.08949416342412451,-0.32684824902723736,-0.2529182879377432,-0.4163424124513619,-0.3968871595330739,-0.4980544747081712,-0.4980544747081712,-0.21011673151750973,-0.5058365758754864,-0.2840466926070039,-0.688715953307393,-0.33073929961089493,-0.8015564202334631,-0.36186770428015563,-0.9027237354085603,-0.0933852140077821,-0.5330739299610895,-0.13618677042801555,-0.7470817120622568,-0.16342412451361868,-0.8832684824902723,-0.1867704280155642,-1.0,0.019455252918287938,-0.5136186770428015,-0.0038910505836575876,-0.7159533073929961,-0.023346303501945526,-0.8365758754863813,-0.04669260700389105,-0.9455252918287937,0.13229571984435798,-0.46303501945525294,0.1556420233463035,-0.6147859922178989,0.17120622568093385,-0.7159533073929961,0.1828793774319066,-0.8171206225680934
1,0.0,0.0,-0.1935483870967742,-0.07258064516129033,-0.3588709677419355,-0.2217741935483871,-0.45564516129032256,-0.3588709677419355,-0.5362903225806451,-0.4717741935483871,-0.25,-0.5,-0.34274193548387094,-0.6814516129032258,-0.3951612903225806,-0.7903225806451613,-0.43548387096774194,-0.8951612903225806,-0.13709677419354838,-0.5362903225806451,-0.1975806451612903,-0.75,-0.23387096774193547,-0.8870967741935484,-0.2620967741935484,-1.0,-0.020161290322580645,-0.5241935483870968,-0.056451612903225805,-0.7298387096774194,-0.08870967741935484,-0.8548387096774194,-0.12096774193548387,-0.967741935483871,0.10887096774193548,-0.4798387096774194,0.12096774193548387,-0.6370967741935484,0.125,-0.7379032258064516,0.125,-0.8346774193548387
1,0.0,0.0,-0.20253164556962025,-0.06329113924050633,-0.379746835443038,-0.21518987341772153,-0.4810126582278481,-0.35443037974683544,-0.5738396624472574,-0.459915611814346,-0.28270042194092826,-0.4978902953586498,-0.3881856540084388,-0.6751054852320675,-0.45569620253164556,-0.7848101265822784,-0.5063291139240507,-0.8860759493670886,-0.16877637130801687,-0.5358649789029536,-0.25316455696202533,-0.7552742616033755,-0.29957805907172996,-0.8860759493670886,-0.3333333333333333,-1.0,-0.046413502109704644,-0.5316455696202531,-0.10970464135021098,-0.7426160337552743,-0.15611814345991562,-0.869198312236287,-0.19831223628691982,-0.9789029535864979,0.08438818565400844,-0.4978902953586498,0.08438818565400844,-0.6666666666666666,0.08438818565400844,-0.7763713080168776,0.08016877637130802,-0.8776371308016878
1,0.0,0.0,-0.17813765182186234,-0.12955465587044535,-0.2793522267206478,-0.31983805668016196,-0.32388663967611336,-0.48582995951417,-0.3522267206477733,-0.6234817813765182,-0.06477732793522267,-0.5465587044534413,-0.06477732793522267,-0.7449392712550608,-0.06477732793522267,-0.8663967611336032,-0.06072874493927125,-0.97165991902834,0.06072874493927125,-0.5384615384615384,0.08502024291497975,-0.757085020242915,0.10121457489878542,-0.8866396761133604,0.10931174089068826,-1.0,0.1659919028340081,-0.4898785425101215,0.20647773279352227,-0.6923076923076923,0.22267206477732793,-0.8178137651821862,0.23076923076923078,-0.9352226720647774,0.2631578947368421,-0.4048582995951417,0.32793522267206476,-0.5425101214574899,0.3684210526315789,-0.6356275303643725,0.3967611336032389,-0.7327935222672065
1,0.0,0.0,-0.1686746987951807,-0.13654618473895583,-0.26104417670682734,-0.3333333333333333,-0.2931726907630522,-0.5100401606425703,-0.30120481927710846,-0.6586345381526104,-0.0321285140562249,-0.5421686746987951,-0.024096385542168676,-0.7429718875502008,-0.024096385542168676,-0.8634538152610441,-0.020080321285140562,-0.9718875502008032,0.09236947791164658,-0.5261044176706827,0.13654618473895583,-0.7469879518072289,0.1566265060240964,-0.8835341365461847,0.17269076305220885,-1.0,0.19678714859437751,-0.4779116465863454,0.24899598393574296,-0.6746987951807228,0.27309236947791166,-0.8032128514056225,0.2891566265060241,-0.9236947791164659,0.2891566265060241,-0.39357429718875503,0.3614457831325301,-0.5301204819277109,0.40160642570281124,-0.6265060240963856,0.44176706827309237,-0.7188755020080321
1,0.0,0.0,-0.1839080459770115,-0.10344827586206896,-0.29118773946360155,-0.2988505747126437,-0.3333333333333333,-0.47126436781609193,-0.3563218390804598,-0.6130268199233716,-0.16475095785440613,-0.524904214559387,-0.1724137931034483,-0.7241379310344828,-0.18007662835249041,-0.8390804597701149,-0.1839080459770115,-0.9425287356321839,-0.05747126436781609,-0.5402298850574713,-0.07279693486590039,-0.7586206896551724,-0.08812260536398467,-0.8888888888888888,-0.09961685823754789,-1.0,0.0421455938697318,-0.5172413793103449,0.022988505747126436,-0.7279693486590039,0.0,-0.8582375478927203,-0.022988505747126436,-0.9693486590038314,0.14942528735632185,-0.46360153256704983,0.13409961685823754,-0.632183908045977,0.11494252873563218,-0.7394636015325671,0.09195402298850575,-0.8390804597701149
1,0.0,0.0,-0.1839080459770115,-0.10344827586206896,-0.29118773946360155,-0.30268199233716475,-0.3333333333333333,-0.47126436781609193,-0.3524904214559387,-0.6130268199233716,-0.16475095785440613,-0.524904214559387,-0.1724137931034483,-0.7241379310344828,-0.18007662835249041,-0.8390804597701149,-0.1839080459770115,-0.9425287356321839,-0.05747126436781609,-0.5402298850574713,-0.07279693486590039,-0.7586206896551724,-0.08812260536398467,-0.8888888888888888,-0.09961685823754789,-1.0,0.0421455938697318,-0.5172413793103449,0.022988505747126436,-0.7279693486590039,0.0038314176245210726,-0.8582375478927203,-0.019157088122605363,-0.9693486590038314,0.14942528735632185,-0.45977011494252873,0.13409961685823754,-0.632183908045977,0.11494252873563218,-0.7394636015325671,0.09195402298850575,-0.8390804597701149
1,0.0,0.0,-0.19696969696969696,-0.0946969696969697,-0.32954545454545453,-0.2727272727272727,-0.3939393939393939,-0.4356060606060606,-0.4318181818181818,-0.5606060606060606,-0.21212121212121213,-0.5151515151515151,-0.23484848484848486,-0.7121212121212122,-0.24621212121212122,-0.8295454545454546,-0.25,-0.9356060606060606,-0.10606060606060606,-0.5378787878787878,-0.13636363636363635,-0.7537878787878788,-0.1553030303030303,-0.8863636363636364,-0.17045454545454544,-1.0,-0.003787878787878788,-0.5189393939393939,-0.03787878787878788,-0.7234848484848485,-0.056818181818181816,-0.8484848484848485,-0.08333333333333333,-0.9583333333333334,0.10606060606060606,-0.4734848484848485,0.08712121212121213,-0.6325757575757576,0.06818181818181818,-0.7386363636363636,0.04924242424242424,-0.8333333333333334
1,0.0,0.0,-0.19391634980988592,-0.09505703422053231,-0.3231939163498099,-0.26996197718631176,-0.3840304182509506,-0.4296577946768061,-0.42585551330798477,-0.5665399239543726,-0.20912547528517111,-0.5133079847908745,-0.22813688212927757,-0.714828897338403,-0.23574144486692014,-0.8326996197718631,-0.23954372623574144,-0.9391634980988594,-0.09885931558935361,-0.5361216730038023,-0.12927756653992395,-0.752851711026616,-0.1482889733840304,-0.8859315589353612,-0.1634980988593156,-1.0,0.0076045627376425855,-0.5209125475285171,-0.026615969581749048,-0.7262357414448669,-0.053231939163498096,-0.8517110266159695,-0.07984790874524715,-0.9657794676806084,0.12167300380228137,-0.4714828897338403,0.09505703422053231,-0.6349809885931559,0.07224334600760456,-0.7414448669201521,0.049429657794676805,-0.8365019011406845
1,0.0,0.0,-0.19771863117870722,-0.09505703422053231,-0.33460076045627374,-0.2661596958174905,-0.40304182509505704,-0.4220532319391635,-0.4524714828897338,-0.55893536121673,-0.22053231939163498,-0.5095057034220533,-0.2509505703422053,-0.7072243346007605,-0.2661596958174905,-0.8250950570342205,-0.27756653992395436,-0.935361216730038,-0.11026615969581749,-0.5361216730038023,-0.1482889733840304,-0.752851711026616,-0.17490494296577946,-0.8821292775665399,-0.19391634980988592,-1.0,-0.0038022813688212928,-0.5209125475285171,-0.04182509505703422,-0.7262357414448669,-0.07224334600760456,-0.8517110266159695,-0.10266159695817491,-0.9657794676806084,0.11026615969581749,-0.4752851711026616,0.08365019011406843,-0.6387832699619772,0.060836501901140684,-0.7452471482889734,0.03802281368821293,-0.844106463878327
1,0.0,0.0,-0.1984732824427481,-0.08778625954198473,-0.3320610687022901,-0.2633587786259542,-0.3969465648854962,-0.42366412213740456,-0.45038167938931295,-0.5534351145038168,-0.21755725190839695,-0.5076335877862596,-0.2480916030534351,-0.7061068702290076,-0.2595419847328244,-0.8282442748091603,-0.26717557251908397,-0.9351145038167938,-0.10687022900763359,-0.5305343511450382,-0.1450381679389313,-0.7519083969465649,-0.16793893129770993,-0.8854961832061069,-0.18702290076335878,-1.0,0.003816793893129771,-0.5190839694656488,-0.03816793893129771,-0.7251908396946565,-0.06870229007633588,-0.851145038167939,-0.09923664122137404,-0.9656488549618321,0.1183206106870229,-0.4732824427480916,0.08778625954198473,-0.6374045801526718,0.0648854961832061,-0.7442748091603053,0.04198473282442748,-0.8435114503816794
1,0.0,0.0,-0.1984732824427481,-0.08778625954198473,-0.3320610687022901,-0.2633587786259542,-0.3969465648854962,-0.42366412213740456,-0.44656488549618323,-0.5534351145038168,-0.21755725190839695,-0.5076335877862596,-0.2480916030534351,-0.7061068702290076,-0.2633587786259542,-0.8244274809160306,-0.27099236641221375,-0.9351145038167938,-0.10687022900763359,-0.5343511450381679,-0.1450381679389313,-0.7519083969465649,-0.16793893129770993,-0.8854961832061069,-0.18702290076335878,-1.0,0.003816793893129771,-0.5190839694656488,-0.03816793893129771,-0.7251908396946565,-0.06870229007633588,-0.851145038167939,-0.09923664122137404,-0.9656488549618321,0.11450381679389313,-0.4732824427480916,0.08778625954198473,-0.6374045801526718,0.0648854961832061,-0.7404580152671756,0.04198473282442748,-0.8435114503816794
1,0.0,0.0,-0.19771863117870722,-0.08745247148288973,-0.33460076045627374,-0.2585551330798479,-0.40304182509505704,-0.41825095057034223,-0.45627376425855515,-0.5513307984790875,-0.22053231939163498,-0.5133079847908745,-0.25475285171102663,-0.7072243346007605,-0.2737642585551331,-0.8250950570342205,-0.28517110266159695,-0.9315589353612167,-0.11026615969581749,-0.5361216730038023,-0.155893536121673,-0.7490494296577946,-0.18250950570342206,-0.8821292775665399,-0.20912547528517111,-1.0,-0.0038022813688212928,-0.5209125475285171,-0.049429657794676805,-0.7262357414448669,-0.07984790874524715,-0.8517110266159695,-0.11026615969581749,-0.9657794676806084,0.10646387832699619,-0.4752851711026616,0.07984790874524715,-0.6387832699619772,0.057034220532319393,-0.7452471482889734,0.034220532319391636,-0.8479087452471483
1,0.0,0.0,-0.19696969696969696,-0.08712121212121213,-0.3333333333333333,-0.26515151515151514,-0.4015151515151515,-0.42045454545454547,-0.45454545454545453,-0.5492424242424242,-0.2196969696969697,-0.5151515151515151,-0.2537878787878788,-0.7083333333333334,-0.2727272727272727,-0.8257575757575758,-0.2840909090909091,-0.9318181818181818,-0.10984848484848485,-0.5378787878787878,-0.1553030303030303,-0.7537878787878788,-0.18181818181818182,-0.8825757575757576,-0.20833333333333334,-1.0,-0.003787878787878788,-0.5227272727272727,-0.04924242424242424,-0.7272727272727273,-0.07954545454545454,-0.8522727272727273,-0.10984848484848485,-0.9659090909090909,0.10606060606060606,-0.4772727272727273,0.07954545454545454,-0.6401515151515151,0.056818181818181816,-0.7462121212121212,0.03409090909090909,-0.8484848484848485
1,0.0,0.0,-0.19696969696969696,-0.09090909090909091,-0.3333333333333333,-0.26515151515151514,-0.4015151515151515,-0.42424242424242425,-0.45454545454545453,-0.5492424242424242,-0.2196969696969697,-0.5151515151515151,-0.2537878787878788,-0.7083333333333334,-0.2727272727272727,-0.8257575757575758,-0.2840909090909091,-0.9318181818181818,-0.11363636363636363,-0.5378787878787878,-0.1553030303030303,-0.7537878787878788,-0.18181818181818182,-0.8825757575757576,-0.20833333333333334,-1.0,-0.007575757575757576,-0.5227272727272727,-0.04924242424242424,-0.7272727272727273,-0.07954545454545454,-0.8522727272727273,-0.10984848484848485,-0.9659090909090909,0.10606060606060606,-0.4810606060606061,0.07954545454545454,-0.6401515151515151,0.056818181818181816,-0.7462121212121212,0.03409090909090909,-0.8484848484848485
1,0.0,0.0,-0.20306513409961685,-0.0842911877394636,-0.3448275862068966,-0.26053639846743293,-0.4099616858237548,-0.421455938697318,-0.45977011494252873,-0.5517241379310345,-0.22988505747126436,-0.5095785440613027,-0.2681992337164751,-0.7049808429118773,-0.29118773946360155,-0.8237547892720306,-0.3065134099616858,-0.9310344827586207,-0.11877394636015326,-0.5363984674329502,-0.16475095785440613,-0.7509578544061303,-0.19540229885057472,-0.8850574712643678,-0.2222222222222222,-1.0,-0.007662835249042145,-0.5210727969348659,-0.05363984674329502,-0.7279693486590039,-0.0842911877394636,-0.8544061302681992,-0.11494252873563218,-0.9693486590038314,0.10727969348659004,-0.4789272030651341,0.0842911877394636,-0.6398467432950191,0.06130268199233716,-0.7432950191570882,0.038314176245210725,-0.842911877394636
1,0.0,0.0,-0.1647940074906367,-0.1348314606741573,-0.2546816479400749,-0.3408239700374532,-0.2846441947565543,-0.5131086142322098,-0.2958801498127341,-0.6554307116104869,-0.04868913857677903,-0.5468164794007491,-0.02247191011235955,-0.7453183520599251,-0.00749063670411985,-0.8614232209737828,0.011235955056179775,-0.9625468164794008,0.07116104868913857,-0.5355805243445693,0.11610486891385768,-0.7565543071161048,0.13857677902621723,-0.8876404494382022,0.15355805243445692,-1.0,0.1797752808988764,-0.49063670411985016,0.2209737827715356,-0.6928838951310862,0.2397003745318352,-0.8202247191011236,0.2546816479400749,-0.9363295880149812,0.27340823970037453,-0.40823970037453183,0.31835205992509363,-0.5617977528089888,0.3445692883895131,-0.6629213483146067,0.36329588014981273,-0.7602996254681648
1,0.0,0.0,-0.16666666666666666,-0.14015151515151514,-0.25,-0.3446969696969697,-0.2727272727272727,-0.5151515151515151,-0.2765151515151515,-0.6553030303030303,-0.030303030303030304,-0.5454545454545454,0.003787878787878788,-0.7462121212121212,0.030303030303030304,-0.8636363636363636,0.06060606060606061,-0.9659090909090909,0.0946969696969697,-0.5303030303030303,0.14393939393939395,-0.75,0.17803030303030304,-0.8863636363636364,0.20454545454545456,-1.0,0.20075757575757575,-0.4734848484848485,0.25757575757575757,-0.678030303030303,0.2840909090909091,-0.8106060606060606,0.30303030303030304,-0.928030303030303,0.29545454545454547,-0.38636363636363635,0.35984848484848486,-0.5378787878787878,0.3939393939393939,-0.6401515151515151,0.42424242424242425,-0.7386363636363636
1,0.0,0.0,-0.16730038022813687,-0.1444866920152091,-0.2509505703422053,-0.34980988593155893,-0.2737642585551331,-0.5209125475285171,-0.2737642585551331,-0.6653992395437263,-0.022813688212927757,-0.5513307984790875,0.011406844106463879,-0.752851711026616,0.034220532319391636,-0.870722433460076,0.06463878326996197,-0.973384030418251,0.09885931558935361,-0.532319391634981,0.1520912547528517,-0.752851711026616,0.18631178707224336,-0.8859315589353612,0.21292775665399238,-1.0,0.20532319391634982,-0.4752851711026616,0.2585551330798479,-0.6806083650190115,0.2889733840304182,-0.8136882129277566,0.311787072243346,-0.9315589353612167,0.30038022813688214,-0.38783269961977185,0.3612167300380228,-0.5399239543726235,0.39543726235741444,-0.6425855513307985,0.4220532319391635,-0.7452471482889734
1,0.0,0.0,-0.16730038022813687,-0.1444866920152091,-0.2509505703422053,-0.34980988593155893,-0.2737642585551331,-0.5209125475285171,-0.27756653992395436,-0.6615969581749049,-0.026615969581749048,-0.5513307984790875,0.0076045627376425855,-0.752851711026616,0.030418250950570342,-0.870722433460076,0.057034220532319393,-0.973384030418251,0.09505703422053231,-0.532319391634981,0.1482889733840304,-0.752851711026616,0.17870722433460076,-0.8859315589353612,0.20532319391634982,-1.0,0.20152091254752852,-0.4790874524714829,0.25475285171102663,-0.6806083650190115,0.28517110266159695,-0.8136882129277566,0.3041825095057034,-0.9315589353612167,0.2965779467680608,-0.3916349809885932,0.3574144486692015,-0.5399239543726235,0.3916349809885932,-0.6425855513307985,0.4220532319391635,-0.7452471482889734
1,0.0,0.0,-0.15708812260536398,-0.14559386973180077,-0.23371647509578544,-0.3486590038314176,-0.24904214559386972,-0.5210727969348659,-0.24521072796934865,-0.6628352490421456,0.0,-0.5478927203065134,0.038314176245210725,-0.7471264367816092,0.06513409961685823,-0.8659003831417624,0.09578544061302682,-0.9693486590038314,0.12260536398467432,-0.524904214559387,0.18007662835249041,-0.7471264367816092,0.21455938697318008,-0.8850574712643678,0.2413793103448276,-1.0,0.2260536398467433,-0.47126436781609193,0.28735632183908044,-0.6743295019157088,0.3218390804597701,-0.8045977011494253,0.3486590038314176,-0.9233716475095786,0.3218390804597701,-0.3793103448275862,0.3946360153256705,-0.5287356321839081,0.4367816091954023,-0.6283524904214559,0.47126436781609193,-0.7279693486590039
1,0.0,0.0,-0.1590909090909091,-0.14393939393939395,-0.23484848484848486,-0.3484848484848485,-0.24621212121212122,-0.5265151515151515,-0.24621212121212122,-0.6704545454545454,-0.011363636363636364,-0.553030303030303,0.026515151515151516,-0.7537878787878788,0.04924242424242424,-0.875,0.07575757575757576,-0.9810606060606061,0.10984848484848485,-0.5340909090909091,0.16287878787878787,-0.7537878787878788,0.19318181818181818,-0.8863636363636364,0.2159090909090909,-1.0,0.21212121212121213,-0.4772727272727273,0.2727272727272727,-0.6818181818181818,0.30303030303030304,-0.8143939393939394,0.32196969696969696,-0.9318181818181818,0.3068181818181818,-0.39015151515151514,0.3787878787878788,-0.5378787878787878,0.42045454545454547,-0.6401515151515151,0.45454545454545453,-0.7348484848484849
1,0.0,0.0,-0.15613382899628253,-0.1449814126394052,-0.22304832713754646,-0.34944237918215615,-0.2379182156133829,-0.5241635687732342,-0.241635687732342,-0.6691449814126395,-0.011152416356877323,-0.5464684014869888,0.022304832713754646,-0.7472118959107806,0.040892193308550186,-0.8661710037174721,0.06691449814126393,-0.9702602230483272,0.11152416356877323,-0.5241635687732342,0.16356877323420074,-0.7472118959107806,0.19330855018587362,-0.8847583643122676,0.21933085501858737,-1.0,0.21189591078066913,-0.4684014869888476,0.27137546468401486,-0.6728624535315985,0.30111524163568776,-0.8029739776951673,0.31970260223048325,-0.9219330855018587,0.3048327137546468,-0.379182156133829,0.3754646840148699,-0.5315985130111525,0.4163568773234201,-0.6319702602230484,0.44981412639405205,-0.7286245353159851
2,0.0,0.0,-0.12857142857142856,-0.11071428571428571,-0.20714285714285716,-0.29285714285714287,-0.12857142857142856,-0.39285714285714285,0.0035714285714285713,-0.4107142857142857,-0.06785714285714285,-0.5392857142857143,-0.10714285714285714,-0.7392857142857143,-0.12857142857142856,-0.8571428571428571,-0.1392857142857143,-0.9571428571428572,0.05,-0.525,0.08571428571428572,-0.75,0.09642857142857143,-0.8892857142857142,0.11071428571428571,-1.0,0.14285714285714285,-0.45357142857142857,0.13214285714285715,-0.5964285714285714,0.04642857142857143,-0.48928571428571427,0.0,-0.3892857142857143,0.21785714285714286,-0.3535714285714286,0.16785714285714284,-0.44285714285714284,0.1,-0.35714285714285715,0.07142857142857142,-0.2714285714285714
2,0.0,0.0,-0.13620071684587814,-0.10752688172043011,-0.21863799283154123,-0.2867383512544803,-0.14695340501792115,-0.3978494623655914,-0.021505376344086023,-0.43010752688172044,-0.08602150537634409,-0.5376344086021505,-0.12186379928315412,-0.7347670250896058,-0.14336917562724014,-0.8530465949820788,-0.15412186379928317,-0.953405017921147,0.03225806451612903,-0.5232974910394266,0.07168458781362007,-0.7491039426523297,0.07885304659498207,-0.8888888888888888,0.0967741935483871,-1.0,0.13261648745519714,-0.45878136200716846,0.11827956989247312,-0.5949820788530465,0.03225806451612903,-0.4910394265232975,-0.017921146953405017,-0.3978494623655914,0.2114695340501792,-0.35842293906810035,0.16487455197132617,-0.45161290322580644,0.0931899641577061,-0.3763440860215054,0.06093189964157706,-0.2939068100358423
2,0.0,0.0,-0.13620071684587814,-0.0967741935483871,-0.22580645161290322,-0.27598566308243727,-0.15412186379928317,-0.3835125448028674,-0.021505376344086023,-0.4050179211469534,-0.1039426523297491,-0.5340501792114696,-0.14336917562724014,-0.7311827956989247,-0.16487455197132617,-0.8494623655913979,-0.1827956989247312,-0.9498207885304659,0.014336917562724014,-0.5232974910394266,0.04659498207885305,-0.7491039426523297,0.05017921146953405,-0.8853046594982079,0.06451612903225806,-1.0,0.11469534050179211,-0.46236559139784944,0.1003584229390681,-0.5949820788530465,0.014336917562724014,-0.4838709677419355,-0.02867383512544803,-0.3870967741935484,0.1935483870967742,-0.3655913978494624,0.14336917562724014,-0.4444444444444444,0.07885304659498207,-0.35842293906810035,0.053763440860215055,-0.27598566308243727
2,0.0,0.0,-0.13385826771653545,-0.10236220472440945,-0.21653543307086615,-0.2755905511811024,-0.14566929133858267,-0.38188976377952755,-0.01968503937007874,-0.41732283464566927,-0.08661417322834646,-0.5393700787401575,-0.12598425196850394,-0.7401574803149606,-0.14960629921259844,-0.8582677165354331,-0.15748031496062992,-0.9566929133858267,0.03543307086614173,-0.5275590551181102,0.07480314960629922,-0.7559055118110236,0.08661417322834646,-0.8937007874015748,0.10236220472440945,-1.0,0.1377952755905512,-0.46062992125984253,0.11811023622047244,-0.6023622047244095,0.03937007874015748,-0.5039370078740157,-0.007874015748031496,-0.4094488188976378,0.2204724409448819,-0.36220472440944884,0.17716535433070865,-0.46062992125984253,0.10236220472440945,-0.3779527559055118,0.06299212598425197,-0.29133858267716534
2,0.0,0.0,-0.16666666666666666,-0.06910569105691057,-0.2967479674796748,-0.2073170731707317,-0.23170731707317074,-0.3252032520325203,-0.0975609756097561,-0.3821138211382114,-0.23983739837398374,-0.491869918699187,-0.34146341463414637,-0.6788617886178862,-0.4024390243902439,-0.7886178861788617,-0.45121951219512196,-0.8861788617886179,-0.10975609756097561,-0.5121951219512195,-0.14634146341463414,-0.7479674796747967,-0.17886178861788618,-0.8861788617886179,-0.1951219512195122,-1.0,0.012195121951219513,-0.47560975609756095,-0.044715447154471545,-0.5894308943089431,-0.08536585365853659,-0.45934959349593496,-0.0975609756097561,-0.35365853658536583,0.12601626016260162,-0.4024390243902439,0.052845528455284556,-0.4715447154471545,0.0040650406504065045,-0.37398373983739835,-0.008130081300813009,-0.2845528455284553
2,0.0,0.0,-0.15789473684210525,-0.07692307692307693,-0.2793522267206478,-0.22267206477732793,-0.2145748987854251,-0.340080971659919,-0.08906882591093117,-0.4008097165991903,-0.22267206477732793,-0.5060728744939271,-0.32388663967611336,-0.6882591093117408,-0.38461538461538464,-0.8016194331983806,-0.4291497975708502,-0.8987854251012146,-0.09716599190283401,-0.5263157894736842,-0.12955465587044535,-0.7530364372469636,-0.16194331983805668,-0.8866396761133604,-0.17408906882591094,-1.0,0.020242914979757085,-0.4817813765182186,-0.024291497975708502,-0.5991902834008097,-0.06882591093117409,-0.46963562753036436,-0.08502024291497975,-0.3643724696356275,0.12955465587044535,-0.3967611336032389,0.0728744939271255,-0.4777327935222672,0.02834008097165992,-0.38866396761133604,0.020242914979757085,-0.29959514170040485
2,0.0,0.0,-0.15352697095435686,-0.1078838174273859,-0.23236514522821577,-0.27800829875518673,-0.14937759336099585,-0.3900414937759336,-0.024896265560165973,-0.4315352697095436,-0.12448132780082988,-0.5394190871369294,-0.16597510373443983,-0.7427385892116183,-0.1950207468879668,-0.8589211618257261,-0.21161825726141079,-0.9626556016597511,0.0,-0.5269709543568465,0.04564315352697095,-0.7634854771784232,0.058091286307053944,-0.8962655601659751,0.07883817427385892,-1.0,0.1078838174273859,-0.4605809128630705,0.1078838174273859,-0.6099585062240664,0.024896265560165973,-0.5103734439834025,-0.024896265560165973,-0.4149377593360996,0.1991701244813278,-0.3651452282157676,0.17012448132780084,-0.4730290456431535,0.1037344398340249,-0.4024896265560166,0.07053941908713693,-0.3236514522821577
2,0.0,0.0,-0.14893617021276595,-0.11914893617021277,-0.2127659574468085,-0.3021276595744681,-0.13191489361702127,-0.4297872340425532,-0.01702127659574468,-0.4851063829787234,-0.07659574468085106,-0.5574468085106383,-0.09361702127659574,-0.7659574468085106,-0.10212765957446808,-0.8893617021276595,-0.10638297872340426,-0.9914893617021276,0.05106382978723404,-0.5319148936170213,0.11914893617021277,-0.7702127659574468,0.15319148936170213,-0.9063829787234042,0.19148936170212766,-1.0,0.1574468085106383,-0.4595744680851064,0.17446808510638298,-0.6212765957446809,0.0851063829787234,-0.5361702127659574,0.02127659574468085,-0.4425531914893617,0.2425531914893617,-0.3574468085106383,0.225531914893617,-0.4808510638297872,0.14893617021276595,-0.41702127659574467,0.09787234042553192,-0.33617021276595743
2,0.0,0.0,-0.13675213675213677,-0.11965811965811966,-0.19230769230769232,-0.3076923076923077,-0.11965811965811966,-0.4358974358974359,0.0,-0.48717948717948717,-0.042735042735042736,-0.5598290598290598,-0.04700854700854701,-0.7692307692307693,-0.04700854700854701,-0.8931623931623932,-0.038461538461538464,-1.0,0.07692307692307693,-0.5341880341880342,0.15384615384615385,-0.7649572649572649,0.20512820512820512,-0.9017094017094017,0.2564102564102564,-1.0,0.1752136752136752,-0.45726495726495725,0.20512820512820512,-0.6282051282051282,0.1111111111111111,-0.5470085470085471,0.04700854700854701,-0.44871794871794873,0.2606837606837607,-0.3547008547008547,0.24358974358974358,-0.47863247863247865,0.16666666666666666,-0.4188034188034188,0.10683760683760683,-0.3418803418803419
2,0.0,0.0,-0.13389121338912133,-0.13389121338912133,-0.17573221757322174,-0.3138075313807531,-0.11297071129707113,-0.4393305439330544,-0.008368200836820083,-0.5104602510460251,-0.012552301255230125,-0.5564853556485355,-0.008368200836820083,-0.7698744769874477,-0.0041841004184100415,-0.895397489539749,0.012552301255230125,-1.0,0.1087866108786611,-0.5271966527196653,0.200836820083682,-0.7531380753138075,0.2510460251046025,-0.8870292887029289,0.3054393305439331,-0.9874476987447699,0.20502092050209206,-0.4476987447698745,0.2384937238493724,-0.6150627615062761,0.13807531380753138,-0.5439330543933054,0.06276150627615062,-0.4602510460251046,0.2803347280334728,-0.3389121338912134,0.26359832635983266,-0.4602510460251046,0.17573221757322174,-0.41422594142259417,0.1087866108786611,-0.34309623430962344
2,0.0,0.0,0.13114754098360656,-0.13934426229508196,0.1762295081967213,-0.32786885245901637,0.0942622950819672,-0.46311475409836067,-0.02459016393442623,-0.5163934426229508,0.040983606557377046,-0.5163934426229508,0.06147540983606557,-0.7254098360655737,0.06557377049180328,-0.8442622950819673,0.05737704918032787,-0.9467213114754098,-0.06967213114754098,-0.5040983606557377,-0.09836065573770492,-0.7377049180327869,-0.11065573770491803,-0.889344262295082,-0.12704918032786885,-1.0,-0.16393442622950818,-0.4426229508196721,-0.1885245901639344,-0.6024590163934426,-0.0942622950819672,-0.5655737704918032,-0.020491803278688523,-0.4918032786885246,-0.2540983606557377,-0.3524590163934426,-0.2459016393442623,-0.48770491803278687,-0.1598360655737705,-0.47540983606557374,-0.09016393442622951,-0.430327868852459
2,0.0,0.0,0.13389121338912133,-0.15481171548117154,0.17154811715481172,-0.35564853556485354,0.0794979079497908,-0.502092050209205,-0.05439330543933055,-0.5313807531380753,0.03347280334728033,-0.5313807531380753,0.0502092050209205,-0.7405857740585774,0.0502092050209205,-0.8619246861924686,0.03765690376569038,-0.9623430962343096,-0.08368200836820083,-0.5188284518828452,-0.1297071129707113,-0.7489539748953975,-0.1589958158995816,-0.895397489539749,-0.18410041841004185,-1.0,-0.1799163179916318,-0.4560669456066946,-0.20920502092050208,-0.6150627615062761,-0.11297071129707113,-0.5774058577405857,-0.03765690376569038,-0.5062761506276151,-0.26778242677824265,-0.36401673640167365,-0.25523012552301255,-0.49372384937238495,-0.16736401673640167,-0.4811715481171548,-0.09623430962343096,-0.4351464435146444
2,0.0,0.0,0.124,-0.136,0.16,-0.332,0.068,-0.46,-0.052,-0.488,0.04,-0.524,0.064,-0.736,0.064,-0.86,0.06,-0.964,-0.08,-0.508,-0.116,-0.74,-0.136,-0.888,-0.16,-1.0,-0.176,-0.44,-0.204,-0.588,-0.104,-0.54,-0.032,-0.472,-0.26,-0.34,-0.256,-0.456,-0.176,-0.448,-0.108,-0.412
2,0.0,0.0,0.12403100775193798,-0.13565891472868216,0.17054263565891473,-0.313953488372093,0.09689922480620156,-0.43023255813953487,-0.011627906976744186,-0.4844961240310077,0.04263565891472868,-0.5193798449612403,0.07364341085271318,-0.7286821705426356,0.08139534883720931,-0.8488372093023255,0.08139534883720931,-0.9573643410852714,-0.06589147286821706,-0.5077519379844961,-0.08914728682170543,-0.7403100775193798,-0.10465116279069768,-0.8875968992248062,-0.12015503875968993,-1.0,-0.15891472868217055,-0.4418604651162791,-0.1821705426356589,-0.5930232558139535,-0.08527131782945736,-0.5426356589147286,-0.011627906976744186,-0.47674418604651164,-0.2441860465116279,-0.3449612403100775,-0.24031007751937986,-0.46511627906976744,-0.15891472868217055,-0.4496124031007752,-0.09302325581395349,-0.40310077519379844
2,0.0,0.0,0.12260536398467432,-0.13409961685823754,0.16475095785440613,-0.31417624521072796,0.0842911877394636,-0.42911877394636017,-0.03065134099616858,-0.47126436781609193,0.04980842911877394,-0.524904214559387,0.0842911877394636,-0.7318007662835249,0.09195402298850575,-0.8544061302681992,0.09195402298850575,-0.9616858237547893,-0.06130268199233716,-0.5134099616858238,-0.08812260536398467,-0.7432950191570882,-0.09578544061302682,-0.8888888888888888,-0.1111111111111111,-1.0,-0.1532567049808429,-0.4482758620689655,-0.1685823754789272,-0.5900383141762452,-0.07279693486590039,-0.524904214559387,-0.007662835249042145,-0.4482758620689655,-0.2413793103448276,-0.3524904214559387,-0.23754789272030652,-0.47126436781609193,-0.15708812260536398,-0.4444444444444444,-0.09578544061302682,-0.3946360153256705
2,0.0,0.0,0.13962264150943396,-0.09433962264150944,0.22264150943396227,-0.23773584905660378,0.1660377358490566,-0.33962264150943394,0.06037735849056604,-0.3886792452830189,0.16226415094339622,-0.49433962264150944,0.2490566037735849,-0.6867924528301886,0.29056603773584905,-0.8037735849056604,0.3132075471698113,-0.9056603773584906,0.04905660377358491,-0.5018867924528302,0.0830188679245283,-0.7396226415094339,0.10566037735849057,-0.8867924528301887,0.11320754716981132,-1.0,-0.06037735849056604,-0.45660377358490567,-0.033962264150943396,-0.5735849056603773,0.033962264150943396,-0.47547169811320755,0.07169811320754717,-0.38113207547169814,-0.1660377358490566,-0.37358490566037733,-0.12452830188679245,-0.47547169811320755,-0.052830188679245285,-0.41509433962264153,-0.011320754716981131,-0.33584905660377357
2,0.0,0.0,0.1417910447761194,-0.09328358208955224,0.23134328358208955,-0.23880597014925373,0.17164179104477612,-0.34328358208955223,0.05970149253731343,-0.3843283582089552,0.1791044776119403,-0.5,0.2798507462686567,-0.6902985074626866,0.3246268656716418,-0.8059701492537313,0.3582089552238806,-0.9029850746268657,0.06716417910447761,-0.5111940298507462,0.11194029850746269,-0.746268656716418,0.1455223880597015,-0.8880597014925373,0.16417910447761194,-1.0,-0.04477611940298507,-0.4626865671641791,-0.014925373134328358,-0.5895522388059702,0.048507462686567165,-0.47761194029850745,0.07462686567164178,-0.373134328358209,-0.15298507462686567,-0.3805970149253731,-0.10820895522388059,-0.48507462686567165,-0.041044776119402986,-0.417910447761194,-0.007462686567164179,-0.3358208955223881
2,0.0,0.0,0.1391941391941392,-0.09523809523809523,0.2271062271062271,-0.24175824175824176,0.1575091575091575,-0.34065934065934067,0.040293040293040296,-0.3626373626373626,0.17582417582417584,-0.4981684981684982,0.27106227106227104,-0.684981684981685,0.31868131868131866,-0.8021978021978022,0.3516483516483517,-0.9010989010989011,0.06227106227106227,-0.5054945054945055,0.09523809523809523,-0.7362637362637363,0.12087912087912088,-0.8827838827838828,0.12454212454212454,-1.0,-0.047619047619047616,-0.46153846153846156,-0.03296703296703297,-0.575091575091575,0.03296703296703297,-0.4652014652014652,0.05860805860805861,-0.3663003663003663,-0.14652014652014653,-0.37362637362637363,-0.11355311355311355,-0.47619047619047616,-0.047619047619047616,-0.4065934065934066,-0.01098901098901099,-0.32234432234432236
2,0.0,0.0,0.13427561837455831,-0.10247349823321555,0.2049469964664311,-0.254416961130742,0.13780918727915195,-0.35335689045936397,0.02120141342756184,-0.38162544169611307,0.13780918727915195,-0.5053003533568905,0.21201413427561838,-0.6996466431095406,0.24734982332155478,-0.8162544169611308,0.26855123674911663,-0.9151943462897526,0.02120141342756184,-0.508833922261484,0.03180212014134275,-0.734982332155477,0.04240282685512368,-0.8798586572438163,0.038869257950530034,-1.0,-0.0812720848056537,-0.4558303886925795,-0.07773851590106007,-0.5724381625441696,-0.01060070671378092,-0.4734982332155477,0.024734982332155476,-0.38162544169611307,-0.18021201413427562,-0.36395759717314485,-0.16607773851590105,-0.46996466431095407,-0.0989399293286219,-0.4134275618374558,-0.05653710247349823,-0.3392226148409894
2,0.0,0.0,0.13074204946996468,-0.10600706713780919,0.19434628975265017,-0.26148409893992935,0.1166077738515901,-0.3498233215547703,0.0,-0.36395759717314485,0.10247349823321555,-0.508833922261484,0.1696113074204947,-0.7067137809187279,0.1978798586572438,-0.8303886925795053,0.21554770318021202,-0.9293286219081273,-0.014134275618374558,-0.5053003533568905,-0.01060070671378092,-0.734982332155477,-0.007067137809187279,-0.8833922261484098,-0.02120141342756184,-1.0,-0.1166077738515901,-0.4416961130742049,-0.10954063604240283,-0.5512367491166078,-0.028268551236749116,-0.45936395759717313,0.014134275618374558,-0.3674911660777385,-0.20848056537102475,-0.3462897526501767,-0.19081272084805653,-0.4558303886925795,-0.11307420494699646,-0.3992932862190813,-0.0636042402826855,-0.3215547703180212
2,0.0,0.0,0.10801393728222997,-0.1254355400696864,0.15331010452961671,-0.2857142857142857,0.07665505226480836,-0.37282229965156793,-0.03832752613240418,-0.3832752613240418,0.017421602787456445,-0.5226480836236934,0.05574912891986063,-0.7282229965156795,0.06968641114982578,-0.8536585365853658,0.07317073170731707,-0.9581881533101045,-0.09407665505226481,-0.5052264808362369,-0.13588850174216027,-0.7317073170731707,-0.156794425087108,-0.8815331010452961,-0.18466898954703834,-1.0,-0.18815331010452963,-0.42857142857142855,-0.1951219512195122,-0.5400696864111498,-0.10104529616724739,-0.4738675958188153,-0.03832752613240418,-0.397212543554007,-0.26480836236933797,-0.3170731707317073,-0.2682926829268293,-0.42857142857142855,-0.18815331010452963,-0.39372822299651566,-0.12195121951219512,-0.3310104529616725
2,0.0,0.0,0.11,-0.12,0.16,-0.2833333333333333,0.07333333333333333,-0.36333333333333334,-0.05333333333333334,-0.37333333333333335,0.016666666666666666,-0.53,0.04,-0.7333333333333333,0.05,-0.8633333333333333,0.05,-0.9733333333333334,-0.10333333333333333,-0.51,-0.14666666666666667,-0.7366666666666667,-0.17,-0.8833333333333333,-0.19666666666666666,-1.0,-0.19666666666666666,-0.44,-0.20333333333333334,-0.5466666666666666,-0.11666666666666667,-0.4533333333333333,-0.06,-0.36666666666666664,-0.27666666666666667,-0.33,-0.2866666666666667,-0.43333333333333335,-0.20666666666666667,-0.3933333333333333,-0.14333333333333334,-0.3333333333333333
2,0.0,0.0,0.11409395973154363,-0.10067114093959731,0.16778523489932887,-0.26174496644295303,0.08053691275167785,-0.3422818791946309,-0.050335570469798654,-0.3523489932885906,0.010067114093959731,-0.5201342281879194,0.040268456375838924,-0.7315436241610739,0.0436241610738255,-0.8624161073825504,0.040268456375838924,-0.9697986577181208,-0.11073825503355705,-0.49328859060402686,-0.1610738255033557,-0.7281879194630873,-0.1912751677852349,-0.8791946308724832,-0.2181208053691275,-1.0,-0.20469798657718122,-0.412751677852349,-0.21476510067114093,-0.5201342281879194,-0.11073825503355705,-0.4429530201342282,-0.0436241610738255,-0.35906040268456374,-0.28187919463087246,-0.2953020134228188,-0.28523489932885904,-0.40268456375838924,-0.1912751677852349,-0.3624161073825503,-0.12416107382550336,-0.2986577181208054
2,0.0,0.0,0.11604095563139932,-0.12627986348122866,0.16723549488054607,-0.2832764505119454,0.08873720136518772,-0.378839590443686,-0.027303754266211604,-0.3856655290102389,0.034129692832764506,-0.5324232081911263,0.07167235494880546,-0.7406143344709898,0.08191126279863481,-0.863481228668942,0.08191126279863481,-0.9658703071672355,-0.08191126279863481,-0.515358361774744,-0.12286689419795221,-0.7474402730375427,-0.14334470989761092,-0.8907849829351536,-0.16723549488054607,-1.0,-0.17406143344709898,-0.4402730375426621,-0.17747440273037543,-0.5597269624573379,-0.08532423208191127,-0.5017064846416383,-0.017064846416382253,-0.4334470989761092,-0.2525597269624573,-0.3310580204778157,-0.2525597269624573,-0.43686006825938567,-0.17747440273037543,-0.4129692832764505,-0.11604095563139932,-0.3651877133105802
2,0.0,0.0,0.13983050847457626,-0.13135593220338984,0.21610169491525424,-0.2923728813559322,0.1652542372881356,-0.4194915254237288,0.05084745762711865,-0.4703389830508475,0.08898305084745763,-0.5084745762711864,0.13983050847457626,-0.7076271186440678,0.16101694915254236,-0.826271186440678,0.1694915254237288,-0.9322033898305084,-0.0211864406779661,-0.5042372881355932,-0.03389830508474576,-0.7372881355932204,-0.03389830508474576,-0.8898305084745762,-0.046610169491525424,-1.0,-0.11864406779661017,-0.4491525423728814,-0.09322033898305085,-0.5847457627118644,0.0,-0.5042372881355932,0.0423728813559322,-0.4194915254237288,-0.2076271186440678,-0.3601694915254237,-0.1652542372881356,-0.4872881355932203,-0.08898305084745763,-0.4406779661016949,-0.046610169491525424,-0.3686440677966102
2,0.0,0.0,0.13122171945701358,-0.12669683257918551,0.19457013574660634,-0.3031674208144796,0.13574660633484162,-0.4434389140271493,0.01809954751131222,-0.49321266968325794,0.06787330316742081,-0.49321266968325794,0.11764705882352941,-0.7013574660633484,0.14027149321266968,-0.8190045248868778,0.14479638009049775,-0.918552036199095,-0.04524886877828054,-0.49321266968325794,-0.06334841628959276,-0.7330316742081447,-0.06787330316742081,-0.8868778280542986,-0.08597285067873303,-1.0,-0.14479638009049775,-0.43891402714932126,-0.14479638009049775,-0.5927601809954751,-0.04524886877828054,-0.5429864253393665,0.02262443438914027,-0.47058823529411764,-0.23529411764705882,-0.35294117647058826,-0.2081447963800905,-0.4796380090497738,-0.11764705882352941,-0.45701357466063347,-0.05429864253393665,-0.39819004524886875
2,0.0,0.0,0.13761467889908258,-0.13761467889908258,0.18807339449541285,-0.3165137614678899,0.12844036697247707,-0.45871559633027525,0.009174311926605505,-0.5091743119266054,0.05504587155963303,-0.4954128440366973,0.10091743119266056,-0.7018348623853211,0.11926605504587157,-0.8211009174311926,0.12385321100917432,-0.9220183486238532,-0.05504587155963303,-0.4954128440366973,-0.08256880733944955,-0.7339449541284404,-0.0871559633027523,-0.8853211009174312,-0.10550458715596331,-1.0,-0.15137614678899083,-0.44036697247706424,-0.1559633027522936,-0.5963302752293578,-0.05045871559633028,-0.5504587155963303,0.01834862385321101,-0.47706422018348627,-0.24311926605504589,-0.3486238532110092,-0.22018348623853212,-0.48623853211009177,-0.13302752293577982,-0.463302752293578,-0.06422018348623854,-0.4036697247706422
2,0.0,0.0,0.13122171945701358,-0.13574660633484162,0.18552036199095023,-0.3031674208144796,0.14027149321266968,-0.4434389140271493,0.03619909502262444,-0.502262443438914,0.049773755656108594,-0.49321266968325794,0.09502262443438914,-0.6968325791855203,0.11312217194570136,-0.8190045248868778,0.11764705882352941,-0.918552036199095,-0.05429864253393665,-0.48868778280542985,-0.08597285067873303,-0.7330316742081447,-0.09049773755656108,-0.8823529411764706,-0.1085972850678733,-1.0,-0.15384615384615385,-0.4343891402714932,-0.15384615384615385,-0.5927601809954751,-0.05429864253393665,-0.5384615384615384,0.00904977375565611,-0.45701357466063347,-0.24434389140271492,-0.3438914027149321,-0.22171945701357465,-0.4841628959276018,-0.13574660633484162,-0.45248868778280543,-0.07692307692307693,-0.3891402714932127
2,0.0,0.0,0.12663755458515283,-0.13100436681222707,0.17903930131004367,-0.29694323144104806,0.1091703056768559,-0.4148471615720524,-0.004366812227074236,-0.4497816593886463,0.043668122270742356,-0.5152838427947598,0.08296943231441048,-0.7292576419213974,0.09170305676855896,-0.8602620087336245,0.08733624454148471,-0.9650655021834061,-0.06986899563318777,-0.4978165938864629,-0.1091703056768559,-0.7379912663755459,-0.13100436681222707,-0.8864628820960698,-0.15283842794759825,-1.0,-0.16593886462882096,-0.4279475982532751,-0.17903930131004367,-0.5676855895196506,-0.07860262008733625,-0.5240174672489083,-0.008733624454148471,-0.45414847161572053,-0.24890829694323144,-0.3231441048034934,-0.24890829694323144,-0.4410480349344978,-0.16593886462882096,-0.42358078602620086,-0.10043668122270742,-0.37554585152838427
2,0.0,0.0,0.1276595744680851,-0.1276595744680851,0.17446808510638298,-0.28936170212765955,0.09361702127659574,-0.39148936170212767,-0.01702127659574468,-0.41702127659574467,0.029787234042553193,-0.5234042553191489,0.059574468085106386,-0.7276595744680852,0.06808510638297872,-0.8553191489361702,0.06808510638297872,-0.9617021276595744,-0.0851063829787234,-0.502127659574468,-0.13617021276595745,-0.7319148936170212,-0.15319148936170213,-0.8808510638297873,-0.17872340425531916,-1.0,-0.17872340425531916,-0.425531914893617,-0.1829787234042553,-0.548936170212766,-0.0851063829787234,-0.502127659574468,-0.01702127659574468,-0.43829787234042555,-0.25957446808510637,-0.31063829787234043,-0.2553191489361702,-0.425531914893617,-0.17872340425531916,-0.40425531914893614,-0.1276595744680851,-0.3574468085106383
2,0.0,0.0,0.12658227848101267,-0.12236286919831224,0.18143459915611815,-0.2911392405063291,0.10548523206751055,-0.3924050632911392,-0.012658227848101266,-0.41350210970464135,0.03375527426160337,-0.5232067510548524,0.07172995780590717,-0.729957805907173,0.08016877637130802,-0.8523206751054853,0.08016877637130802,-0.9578059071729957,-0.08016877637130802,-0.5021097046413502,-0.11814345991561181,-0.729957805907173,-0.1350210970464135,-0.8818565400843882,-0.16033755274261605,-1.0,-0.1729957805907173,-0.43037974683544306,-0.1729957805907173,-0.5485232067510548,-0.07172995780590717,-0.4936708860759494,-0.008438818565400843,-0.42616033755274263,-0.25738396624472576,-0.3206751054852321,-0.23628691983122363,-0.43037974683544306,-0.15611814345991562,-0.39662447257383965,-0.10126582278481013,-0.34177215189873417
3,0.0,0.0,0.09216589861751152,-0.22580645161290322,0.07373271889400922,-0.423963133640553,-0.05069124423963134,-0.5207373271889401,-0.17050691244239632,-0.5299539170506913,-0.06912442396313365,-0.5714285714285714,-0.19815668202764977,-0.7880184331797235,-0.271889400921659,-0.9032258064516129,-0.3317972350230415,-0.9907834101382489,-0.19815668202764977,-0.5161290322580645,-0.31336405529953915,-0.7603686635944701,-0.3870967741935484,-0.8986175115207373,-0.4470046082949309,-1.0,-0.30414746543778803,-0.4377880184331797,-0.391705069124424,-0.6682027649769585,-0.4423963133640553,-0.8064516129032258,-0.4792626728110599,-0.9124423963133641,-0.3778801843317972,-0.33640552995391704,-0.4423963133640553,-0.5253456221198156,-0.4700460829493088,-0.631336405529954,-0.4930875576036866,-0.728110599078341
3,0.0,0.0,0.11904761904761904,-0.20476190476190476,0.13333333333333333,-0.38571428571428573,0.05238095238095238,-0.5047619047619047,-0.047619047619047616,-0.5666666666666667,-0.01904761904761905,-0.5238095238095238,-0.14285714285714285,-0.7619047619047619,-0.21904761904761905,-0.8857142857142857,-0.28095238095238095,-0.9809523809523809,-0.15714285714285714,-0.4714285714285714,-0.26666666666666666,-0.7333333333333333,-0.3380952380952381,-0.8857142857142857,-0.3952380952380952,-1.0,-0.2761904761904762,-0.3952380952380952,-0.3619047619047619,-0.6428571428571429,-0.4095238095238095,-0.7904761904761904,-0.44285714285714284,-0.9095238095238095,-0.36666666666666664,-0.30952380952380953,-0.4238095238095238,-0.5047619047619047,-0.44761904761904764,-0.6190476190476191,-0.45714285714285713,-0.719047619047619
3,0.0,0.0,0.12857142857142856,-0.2,0.1380952380952381,-0.38095238095238093,0.06666666666666667,-0.5190476190476191,-0.023809523809523808,-0.5857142857142857,-0.009523809523809525,-0.5380952380952381,-0.14285714285714285,-0.7857142857142857,-0.21428571428571427,-0.9095238095238095,-0.2714285714285714,-0.9952380952380953,-0.14761904761904762,-0.4857142857142857,-0.2619047619047619,-0.7571428571428571,-0.32857142857142857,-0.9047619047619048,-0.3761904761904762,-1.0,-0.26666666666666666,-0.4095238095238095,-0.35714285714285715,-0.6666666666666666,-0.4,-0.8142857142857143,-0.42857142857142855,-0.919047619047619,-0.35714285714285715,-0.319047619047619,-0.4142857142857143,-0.5238095238095238,-0.43333333333333335,-0.638095238095238,-0.44285714285714284,-0.7333333333333333
3,0.0,0.0,0.12735849056603774,-0.14622641509433962,0.14622641509433962,-0.3018867924528302,0.08018867924528301,-0.4056603773584906,0.0,-0.4528301886792453,-0.02358490566037736,-0.5,-0.15566037735849056,-0.7547169811320755,-0.23113207547169812,-0.8867924528301887,-0.29245283018867924,-0.9858490566037735,-0.15566037735849056,-0.4528301886792453,-0.2830188679245283,-0.7311320754716981,-0.35377358490566035,-0.8867924528301887,-0.4056603773584906,-1.0,-0.27358490566037735,-0.37264150943396224,-0.37264150943396224,-0.6367924528301887,-0.42924528301886794,-0.7924528301886793,-0.4669811320754717,-0.910377358490566,-0.3632075471698113,-0.27358490566037735,-0.4386792452830189,-0.49528301886792453,-0.47641509433962265,-0.6179245283018868,-0.5,-0.7216981132075472
3,0.0,0.0,0.14285714285714285,-0.11904761904761904,0.1761904761904762,-0.2904761904761905,0.11904761904761904,-0.4095238095238095,0.03333333333333333,-0.4666666666666667,-0.004761904761904762,-0.47619047619047616,-0.13333333333333333,-0.7380952380952381,-0.20952380952380953,-0.8809523809523809,-0.28095238095238095,-0.9857142857142858,-0.14285714285714285,-0.4238095238095238,-0.2619047619047619,-0.7142857142857143,-0.3380952380952381,-0.8809523809523809,-0.3952380952380952,-1.0,-0.2619047619047619,-0.3476190476190476,-0.3619047619047619,-0.6190476190476191,-0.41904761904761906,-0.780952380952381,-0.45714285714285713,-0.9,-0.3523809523809524,-0.2523809523809524,-0.4238095238095238,-0.48095238095238096,-0.45714285714285713,-0.6047619047619047,-0.4714285714285714,-0.7095238095238096
3,0.0,0.0,0.1188118811881188,-0.10891089108910891,0.10891089108910891,-0.3069306930693069,-0.0049504950495049506,-0.4306930693069307,-0.12376237623762376,-0.4752475247524752,-0.0594059405940594,-0.4405940594059406,-0.19306930693069307,-0.7227722772277227,-0.27722772277227725,-0.8712871287128713,-0.3465346534653465,-0.9851485148514851,-0.19801980198019803,-0.3811881188118812,-0.32673267326732675,-0.7029702970297029,-0.400990099009901,-0.8762376237623762,-0.46534653465346537,-1.0,-0.31683168316831684,-0.30198019801980197,-0.42574257425742573,-0.6039603960396039,-0.48514851485148514,-0.7772277227722773,-0.5247524752475248,-0.905940594059406,-0.40594059405940597,-0.2079207920792079,-0.4900990099009901,-0.4405940594059406,-0.5247524752475248,-0.5792079207920792,-0.5445544554455446,-0.693069306930693
3,0.0,0.0,0.11594202898550725,-0.14009661835748793,0.1111111111111111,-0.3188405797101449,0.0,-0.4251207729468599,-0.11594202898550725,-0.4396135265700483,-0.028985507246376812,-0.4782608695652174,-0.1642512077294686,-0.7342995169082126,-0.23671497584541062,-0.8792270531400966,-0.30434782608695654,-0.9855072463768116,-0.1642512077294686,-0.42995169082125606,-0.2898550724637681,-0.7198067632850241,-0.36231884057971014,-0.8840579710144928,-0.42028985507246375,-1.0,-0.28502415458937197,-0.3526570048309179,-0.391304347826087,-0.6280193236714976,-0.4492753623188406,-0.7922705314009661,-0.48792270531400966,-0.9130434782608695,-0.38164251207729466,-0.2608695652173913,-0.463768115942029,-0.48792270531400966,-0.4975845410628019,-0.6183574879227053,-0.5217391304347826,-0.7246376811594203
3,0.0,0.0,0.11004784688995216,-0.20574162679425836,0.11961722488038277,-0.37320574162679426,0.07177033492822966,-0.4880382775119617,-0.009569377990430622,-0.5311004784688995,-0.014354066985645933,-0.5358851674641149,-0.14832535885167464,-0.7655502392344498,-0.22009569377990432,-0.8851674641148325,-0.2822966507177033,-0.9760765550239234,-0.14354066985645933,-0.4880382775119617,-0.2727272727272727,-0.7464114832535885,-0.3397129186602871,-0.8899521531100478,-0.3923444976076555,-1.0,-0.2679425837320574,-0.41626794258373206,-0.3684210526315789,-0.6602870813397129,-0.4258373205741627,-0.8086124401913876,-0.46411483253588515,-0.9234449760765551,-0.37320574162679426,-0.3253588516746411,-0.44019138755980863,-0.5263157894736842,-0.47368421052631576,-0.6363636363636364,-0.4880382775119617,-0.7272727272727273
3,0.0,0.0,0.12962962962962962,-0.1712962962962963,0.14814814814814814,-0.3101851851851852,0.10185185185185185,-0.38425925925925924,0.027777777777777776,-0.39814814814814814,0.0,-0.5416666666666666,-0.12962962962962962,-0.7731481481481481,-0.19907407407407407,-0.8888888888888888,-0.25925925925925924,-0.9768518518518519,-0.13425925925925927,-0.49537037037037035,-0.25,-0.7546296296296297,-0.3148148148148148,-0.8935185185185185,-0.36574074074074076,-1.0,-0.24537037037037038,-0.42592592592592593,-0.3333333333333333,-0.6666666666666666,-0.37962962962962965,-0.8055555555555556,-0.4166666666666667,-0.9120370370370371,-0.3425925925925926,-0.3333333333333333,-0.39814814814814814,-0.5277777777777778,-0.4212962962962963,-0.6342592592592593,-0.4351851851851852,-0.7268518518518519
3,0.0,0.0,0.13744075829383887,-0.1990521327014218,0.16113744075829384,-0.35071090047393366,0.12796208530805686,-0.4597156398104265,0.07582938388625593,-0.5071090047393365,0.0,-0.5355450236966824,-0.13270142180094788,-0.7677725118483413,-0.2037914691943128,-0.8909952606635071,-0.26066350710900477,-0.976303317535545,-0.13270142180094788,-0.4928909952606635,-0.2559241706161137,-0.7488151658767772,-0.3222748815165877,-0.8909952606635071,-0.3696682464454976,-1.0,-0.24644549763033174,-0.4218009478672986,-0.3412322274881517,-0.6635071090047393,-0.3886255924170616,-0.8056872037914692,-0.4218009478672986,-0.9146919431279621,-0.3412322274881517,-0.32701421800947866,-0.4028436018957346,-0.5260663507109005,-0.4312796208530806,-0.6398104265402843,-0.44549763033175355,-0.7345971563981043
3,0.0,0.0,0.12796208530805686,-0.18009478672985782,0.14218009478672985,-0.3175355450236967,0.07582938388625593,-0.3886255924170616,-0.014218009478672985,-0.3981042654028436,-0.004739336492890996,-0.5355450236966824,-0.13270142180094788,-0.7677725118483413,-0.1990521327014218,-0.8909952606635071,-0.2559241706161137,-0.976303317535545,-0.14218009478672985,-0.4928909952606635,-0.2559241706161137,-0.7488151658767772,-0.3222748815165877,-0.8909952606635071,-0.3696682464454976,-1.0,-0.2559241706161137,-0.41706161137440756,-0.3459715639810427,-0.6540284360189573,-0.3886255924170616,-0.7962085308056872,-0.4218009478672986,-0.9052132701421801,-0.35071090047393366,-0.3222748815165877,-0.4075829383886256,-0.5118483412322274,-0.4265402843601896,-0.6208530805687204,-0.44075829383886256,-0.7156398104265402
3,0.0,0.0,0.1380952380952381,-0.17142857142857143,0.15714285714285714,-0.30952380952380953,0.11428571428571428,-0.38095238095238093,0.05238095238095238,-0.4,0.0,-0.5428571428571428,-0.12857142857142856,-0.7761904761904762,-0.2,-0.8952380952380953,-0.2619047619047619,-0.9857142857142858,-0.13333333333333333,-0.5,-0.2523809523809524,-0.7571428571428571,-0.319047619047619,-0.8952380952380953,-0.37142857142857144,-1.0,-0.24761904761904763,-0.43333333333333335,-0.34285714285714286,-0.6714285714285714,-0.3904761904761905,-0.8095238095238095,-0.42857142857142855,-0.9142857142857143,-0.3380952380952381,-0.3380952380952381,-0.40476190476190477,-0.5380952380952381,-0.43333333333333335,-0.6428571428571429,-0.44285714285714284,-0.7333333333333333
3,0.0,0.0,0.14150943396226415,-0.1792452830188679,0.16037735849056603,-0.32075471698113206,0.10849056603773585,-0.3915094339622642,0.0330188679245283,-0.41037735849056606,0.009433962264150943,-0.5566037735849056,-0.12264150943396226,-0.7830188679245284,-0.19811320754716982,-0.8962264150943396,-0.2641509433962264,-0.9811320754716981,-0.12735849056603774,-0.5094339622641509,-0.25,-0.7594339622641509,-0.3160377358490566,-0.9009433962264151,-0.37264150943396224,-1.0,-0.24528301886792453,-0.4339622641509434,-0.33490566037735847,-0.6745283018867925,-0.3867924528301887,-0.8113207547169812,-0.42452830188679247,-0.9198113207547169,-0.3443396226415094,-0.33490566037735847,-0.4056603773584906,-0.5377358490566038,-0.42924528301886794,-0.6462264150943396,-0.4386792452830189,-0.7358490566037735
3,0.0,0.0,-0.00980392156862745,-0.2696078431372549,0.09803921568627451,-0.46078431372549017,0.24509803921568626,-0.5196078431372549,0.36764705882352944,-0.5196078431372549,0.15196078431372548,-0.5490196078431373,0.3235294117647059,-0.7843137254901961,0.4215686274509804,-0.9019607843137255,0.5,-0.9852941176470589,0.27450980392156865,-0.4803921568627451,0.4411764705882353,-0.75,0.5441176470588235,-0.8921568627450981,0.6225490196078431,-1.0,0.37254901960784315,-0.39215686274509803,0.5294117647058824,-0.6470588235294118,0.6176470588235294,-0.7892156862745098,0.6813725490196079,-0.8970588235294118,0.44607843137254904,-0.28431372549019607,0.5588235294117647,-0.47058823529411764,0.6176470588235294,-0.5833333333333334,0.6666666666666666,-0.6764705882352942
3,0.0,0.0,-0.0048543689320388345,-0.2815533980582524,0.10679611650485436,-0.46601941747572817,0.24757281553398058,-0.529126213592233,0.3640776699029126,-0.5388349514563107,0.16990291262135923,-0.558252427184466,0.33495145631067963,-0.7864077669902912,0.42718446601941745,-0.9029126213592233,0.5,-0.9805825242718447,0.28640776699029125,-0.49029126213592233,0.45145631067961167,-0.7524271844660194,0.5533980582524272,-0.8932038834951457,0.6310679611650486,-1.0,0.3786407766990291,-0.39805825242718446,0.529126213592233,-0.6504854368932039,0.616504854368932,-0.7912621359223301,0.6796116504854369,-0.8980582524271845,0.44660194174757284,-0.28640776699029125,0.558252427184466,-0.470873786407767,0.616504854368932,-0.587378640776699,0.6601941747572816,-0.6796116504854369
3,0.0,0.0,0.0049261083743842365,-0.28078817733990147,0.12315270935960591,-0.4630541871921182,0.270935960591133,-0.5221674876847291,0.39408866995073893,-0.5221674876847291,0.18226600985221675,-0.5517241379310345,0.35467980295566504,-0.7783251231527094,0.4482758620689655,-0.9014778325123153,0.5221674876847291,-0.9901477832512315,0.30049261083743845,-0.4827586206896552,0.47783251231527096,-0.7487684729064039,0.5763546798029556,-0.8916256157635468,0.6551724137931034,-1.0,0.39408866995073893,-0.3891625615763547,0.5566502463054187,-0.6502463054187192,0.645320197044335,-0.7931034482758621,0.7093596059113301,-0.9064039408866995,0.4630541871921182,-0.28078817733990147,0.5812807881773399,-0.46798029556650245,0.6403940886699507,-0.5812807881773399,0.6945812807881774,-0.6748768472906403
3,0.0,0.0,-0.005050505050505051,-0.2828282828282828,0.1111111111111111,-0.4696969696969697,0.26262626262626265,-0.5252525252525253,0.3838383838383838,-0.5151515151515151,0.1717171717171717,-0.5505050505050505,0.35353535353535354,-0.7878787878787878,0.4595959595959596,-0.9090909090909091,0.5404040404040404,-1.0,0.29292929292929293,-0.47474747474747475,0.4696969696969697,-0.7474747474747475,0.5808080808080808,-0.8939393939393939,0.6616161616161617,-1.0,0.3939393939393939,-0.3838383838383838,0.5555555555555556,-0.6414141414141414,0.6515151515151515,-0.7828282828282829,0.7171717171717171,-0.8939393939393939,0.46464646464646464,-0.2676767676767677,0.5808080808080808,-0.4595959595959596,0.6464646464646465,-0.5757575757575758,0.702020202020202,-0.6717171717171717
3,0.0,0.0,-0.009950248756218905,-0.27860696517412936,0.1044776119402985,-0.4626865671641791,0.24875621890547264,-0.5174129353233831,0.3681592039800995,-0.5174129353233831,0.16417910447761194,-0.5472636815920398,0.34328358208955223,-0.7810945273631841,0.4427860696517413,-0.9054726368159204,0.5223880597014925,-0.9900497512437811,0.2835820895522388,-0.47761194029850745,0.4577114427860697,-0.746268656716418,0.5621890547263682,-0.8955223880597015,0.6417910447761194,-1.0,0.3781094527363184,-0.38308457711442784,0.5422885572139303,-0.6417910447761194,0.6318407960199005,-0.7860696517412935,0.7014925373134329,-0.900497512437811,0.44776119402985076,-0.26865671641791045,0.5671641791044776,-0.4577114427860697,0.6318407960199005,-0.572139303482587,0.681592039800995,-0.6716417910447762
3,0.0,0.0,-0.015,-0.285,0.095,-0.47,0.24,-0.535,0.36,-0.53,0.155,-0.555,0.335,-0.79,0.435,-0.91,0.51,-0.995,0.275,-0.485,0.455,-0.755,0.555,-0.895,0.635,-1.0,0.37,-0.39,0.535,-0.65,0.625,-0.79,0.69,-0.9,0.44,-0.28,0.555,-0.465,0.625,-0.58,0.68,-0.675
3,0.0,0.0,-0.014218009478672985,-0.27488151658767773,0.0995260663507109,-0.46445497630331756,0.24170616113744076,-0.5308056872037915,0.36492890995260663,-0.5355450236966824,0.15639810426540285,-0.5545023696682464,0.33649289099526064,-0.7914691943127962,0.4312796208530806,-0.909952606635071,0.5118483412322274,-0.995260663507109,0.27014218009478674,-0.4834123222748815,0.45023696682464454,-0.7535545023696683,0.5497630331753555,-0.8957345971563981,0.6303317535545023,-1.0,0.36492890995260663,-0.3886255924170616,0.5260663507109005,-0.6492890995260664,0.6208530805687204,-0.7914691943127962,0.6824644549763034,-0.9004739336492891,0.43601895734597157,-0.2796208530805687,0.5545023696682464,-0.46919431279620855,0.6208530805687204,-0.5829383886255924,0.6729857819905213,-0.6777251184834123
3,0.0,0.0,-0.014563106796116505,-0.27184466019417475,0.0970873786407767,-0.46601941747572817,0.24757281553398058,-0.5388349514563107,0.36893203883495146,-0.5533980582524272,0.15048543689320387,-0.5388349514563107,0.33495145631067963,-0.7912621359223301,0.4368932038834951,-0.912621359223301,0.5194174757281553,-0.9951456310679612,0.2669902912621359,-0.46601941747572817,0.45145631067961167,-0.7524271844660194,0.558252427184466,-0.8980582524271845,0.6359223300970874,-1.0,0.3640776699029126,-0.3737864077669903,0.5339805825242718,-0.6456310679611651,0.6262135922330098,-0.7912621359223301,0.6941747572815534,-0.9029126213592233,0.4320388349514563,-0.2669902912621359,0.558252427184466,-0.4563106796116505,0.6262135922330098,-0.5728155339805825,0.6796116504854369,-0.6650485436893204
3,0.0,0.0,-0.019138755980861243,-0.2679425837320574,0.09090909090909091,-0.46411483253588515,0.24401913875598086,-0.5406698564593302,0.36363636363636365,-0.5502392344497608,0.13875598086124402,-0.5406698564593302,0.33014354066985646,-0.784688995215311,0.44019138755980863,-0.9090909090909091,0.5215311004784688,-0.9952153110047847,0.2583732057416268,-0.46411483253588515,0.4449760765550239,-0.7416267942583732,0.5550239234449761,-0.8899521531100478,0.6363636363636364,-1.0,0.35406698564593303,-0.3684210526315789,0.5263157894736842,-0.6363636363636364,0.6267942583732058,-0.784688995215311,0.69377990430622,-0.8947368421052632,0.4258373205741627,-0.2583732057416268,0.5550239234449761,-0.44976076555023925,0.6220095693779905,-0.569377990430622,0.6746411483253588,-0.6698564593301436
3,0.0,0.0,0.0,-0.27450980392156865,0.12745098039215685,-0.46078431372549017,0.28921568627450983,-0.5343137254901961,0.4215686274509804,-0.5441176470588235,0.16666666666666666,-0.5343137254901961,0.36764705882352944,-0.7892156862745098,0.4852941176470588,-0.9117647058823529,0.5735294117647058,-1.0,0.28921568627450983,-0.45098039215686275,0.49019607843137253,-0.7352941176470589,0.6078431372549019,-0.8823529411764706,0.696078431372549,-0.9950980392156863,0.39215686274509803,-0.3480392156862745,0.5784313725490197,-0.6274509803921569,0.6813725490196079,-0.7745098039215687,0.75,-0.8921568627450981,0.46568627450980393,-0.24019607843137256,0.5980392156862745,-0.4411764705882353,0.6715686274509803,-0.5637254901960784,0.7303921568627451,-0.6617647058823529
3,0.0,0.0,-0.014285714285714285,-0.2523809523809524,0.1,-0.4523809523809524,0.24761904761904763,-0.5333333333333333,0.3619047619047619,-0.5619047619047619,0.1619047619047619,-0.5380952380952381,0.3333333333333333,-0.7714285714285715,0.43333333333333335,-0.9,0.5095238095238095,-0.9952380952380953,0.2761904761904762,-0.4666666666666667,0.45714285714285713,-0.7333333333333333,0.5666666666666667,-0.8857142857142857,0.6476190476190476,-1.0,0.37142857142857144,-0.38095238095238093,0.5285714285714286,-0.6428571428571429,0.6190476190476191,-0.7904761904761904,0.680952380952381,-0.9047619047619048,0.43333333333333335,-0.2904761904761905,0.5476190476190477,-0.48095238095238096,0.6095238095238096,-0.5952380952380952,0.6619047619047619,-0.6857142857142857
3,0.0,0.0,-0.004975124378109453,-0.2835820895522388,0.11940298507462686,-0.4626865671641791,0.2736318407960199,-0.5223880597014925,0.39800995024875624,-0.5124378109452736,0.17412935323383086,-0.5522388059701493,0.36318407960199006,-0.7860696517412935,0.4626865671641791,-0.9054726368159204,0.5422885572139303,-0.9950248756218906,0.2885572139303483,-0.48258706467661694,0.47761194029850745,-0.7512437810945274,0.5870646766169154,-0.8955223880597015,0.6716417910447762,-1.0,0.38308457711442784,-0.3880597014925373,0.5621890547263682,-0.6467661691542289,0.6567164179104478,-0.7810945273631841,0.7263681592039801,-0.8955223880597015,0.44776119402985076,-0.27860696517412936,0.582089552238806,-0.4626865671641791,0.6517412935323383,-0.5771144278606966,0.7064676616915423,-0.6716417910447762
3,0.0,0.0,0.0,-0.27860696517412936,0.12437810945273632,-0.472636815920398,0.27860696517412936,-0.5373134328358209,0.40298507462686567,-0.5472636815920398,0.17412935323383086,-0.5621890547263682,0.36318407960199006,-0.7960199004975125,0.472636815920398,-0.9104477611940298,0.5522388059701493,-0.9950248756218906,0.2885572139303483,-0.48756218905472637,0.47761194029850745,-0.7512437810945274,0.5870646766169154,-0.8905472636815921,0.6716417910447762,-1.0,0.38308457711442784,-0.39303482587064675,0.5572139303482587,-0.6467661691542289,0.6517412935323383,-0.7810945273631841,0.7213930348258707,-0.8905472636815921,0.4527363184079602,-0.2835820895522388,0.582089552238806,-0.4626865671641791,0.6467661691542289,-0.572139303482587,0.7014925373134329,-0.6666666666666666
3,0.0,0.0,-0.004975124378109453,-0.27860696517412936,0.10945273631840796,-0.46766169154228854,0.263681592039801,-0.5323383084577115,0.3880597014925373,-0.5373134328358209,0.16417910447761194,-0.5621890547263682,0.35323383084577115,-0.7910447761194029,0.4626865671641791,-0.9104477611940298,0.5422885572139303,-0.9900497512437811,0.27860696517412936,-0.4925373134328358,0.46766169154228854,-0.7562189054726368,0.5771144278606966,-0.8955223880597015,0.6567164179104478,-1.0,0.373134328358209,-0.40298507462686567,0.5472636815920398,-0.6517412935323383,0.6417910447761194,-0.7910447761194029,0.7064676616915423,-0.900497512437811,0.4427860696517413,-0.2935323383084577,0.572139303482587,-0.472636815920398,0.6368159203980099,-0.582089552238806,0.6915422885572139,-0.6716417910447762
4,0.0,0.0,-0.27111111111111114,-0.03111111111111111,-0.49777777777777776,-0.13777777777777778,-0.6888888888888889,-0.18666666666666668,-0.8622222222222222,-0.21333333333333335,-0.3511111111111111,-0.56,-0.6311111111111111,-0.5244444444444445,-0.8177777777777778,-0.5066666666666667,-0.9777777777777777,-0.49333333333333335,-0.3022222222222222,-0.5822222222222222,-0.6266666666666667,-0.5422222222222223,-0.8266666666666667,-0.5155555555555555,-1.0,-0.5022222222222222,-0.26666666666666666,-0.5422222222222223,-0.5866666666666667,-0.5066666666666667,-0.7777777777777778,-0.48,-0.9333333333333333,-0.4666666666666667,-0.25333333333333335,-0.4533333333333333,-0.5022222222222222,-0.4088888888888889,-0.6488888888888888,-0.38222222222222224,-0.7688888888888888,-0.3688888888888889
4,0.0,0.0,-0.28957528957528955,-0.03474903474903475,-0.5096525096525096,-0.1274131274131274,-0.6872586872586872,-0.15057915057915058,-0.8455598455598455,-0.16602316602316602,-0.3667953667953668,-0.5135135135135135,-0.6332046332046332,-0.46332046332046334,-0.7953667953667953,-0.42857142857142855,-0.9382239382239382,-0.416988416988417,-0.32432432432432434,-0.5173745173745173,-0.6563706563706564,-0.4555984555984556,-0.8378378378378378,-0.42084942084942084,-1.0,-0.416988416988417,-0.2972972972972973,-0.47104247104247104,-0.6177606177606177,-0.4092664092664093,-0.7915057915057915,-0.38996138996138996,-0.9498069498069498,-0.39768339768339767,-0.2857142857142857,-0.3783783783783784,-0.5328185328185329,-0.33204633204633205,-0.6756756756756757,-0.3204633204633205,-0.7992277992277992,-0.3204633204633205
4,0.0,0.0,-0.2857142857142857,-0.023166023166023165,-0.5135135135135135,-0.11969111969111969,-0.694980694980695,-0.1583011583011583,-0.8532818532818532,-0.18532818532818532,-0.3745173745173745,-0.528957528957529,-0.637065637065637,-0.47876447876447875,-0.8108108108108109,-0.44787644787644787,-0.9575289575289575,-0.4362934362934363,-0.32432432432432434,-0.5405405405405406,-0.6525096525096525,-0.47876447876447875,-0.8378378378378378,-0.444015444015444,-1.0,-0.4362934362934363,-0.29343629343629346,-0.4980694980694981,-0.6216216216216216,-0.43243243243243246,-0.7992277992277992,-0.4092664092664093,-0.9536679536679536,-0.4092664092664093,-0.28185328185328185,-0.40540540540540543,-0.5405405405405406,-0.35135135135135137,-0.6833976833976834,-0.3359073359073359,-0.806949806949807,-0.33204633204633205
4,0.0,0.0,-0.3088235294117647,-0.025735294117647058,-0.5367647058823529,-0.125,-0.7132352941176471,-0.17279411764705882,-0.8713235294117647,-0.19852941176470587,-0.3860294117647059,-0.5441176470588235,-0.6433823529411765,-0.4963235294117647,-0.8161764705882353,-0.46691176470588236,-0.9632352941176471,-0.45588235294117646,-0.33455882352941174,-0.5551470588235294,-0.6580882352941176,-0.4963235294117647,-0.8382352941176471,-0.4632352941176471,-1.0,-0.45955882352941174,-0.29411764705882354,-0.5110294117647058,-0.6213235294117647,-0.4485294117647059,-0.7941176470588235,-0.4227941176470588,-0.9448529411764706,-0.4227941176470588,-0.2757352941176471,-0.41544117647058826,-0.5257352941176471,-0.3602941176470588,-0.6691176470588235,-0.34558823529411764,-0.7904411764705882,-0.34191176470588236
4,0.0,0.0,-0.3141891891891892,-0.04391891891891892,-0.5337837837837838,-0.14189189189189189,-0.7094594594594594,-0.17229729729729729,-0.8581081081081081,-0.19256756756756757,-0.36824324324324326,-0.5506756756756757,-0.6452702702702703,-0.4966216216216216,-0.8175675675675675,-0.46283783783783783,-0.9628378378378378,-0.44594594594594594,-0.32432432432432434,-0.543918918918919,-0.6587837837837838,-0.4797297297297297,-0.8412162162162162,-0.44256756756756754,-1.0,-0.42905405405405406,-0.2939189189189189,-0.4797297297297297,-0.6283783783783784,-0.4222972972972973,-0.8040540540540541,-0.39864864864864863,-0.956081081081081,-0.3952702702702703,-0.28716216216216217,-0.36824324324324326,-0.543918918918919,-0.33783783783783783,-0.6858108108108109,-0.3277027027027027,-0.8074324324324325,-0.3277027027027027
4,0.0,0.0,-0.2947019867549669,-0.046357615894039736,-0.5165562913907285,-0.1423841059602649,-0.6887417218543046,-0.17218543046357615,-0.8410596026490066,-0.19536423841059603,-0.3576158940397351,-0.5496688741721855,-0.6423841059602649,-0.49337748344370863,-0.8178807947019867,-0.45695364238410596,-0.9668874172185431,-0.4370860927152318,-0.31456953642384106,-0.5397350993377483,-0.6556291390728477,-0.48013245033112584,-0.8410596026490066,-0.44039735099337746,-1.0,-0.4271523178807947,-0.2913907284768212,-0.4768211920529801,-0.6258278145695364,-0.423841059602649,-0.8013245033112583,-0.40066225165562913,-0.9503311258278145,-0.40066225165562913,-0.2847682119205298,-0.3675496688741722,-0.543046357615894,-0.34105960264900664,-0.6887417218543046,-0.33112582781456956,-0.8112582781456954,-0.3344370860927152
4,0.0,0.0,-0.2892857142857143,-0.03571428571428571,-0.5107142857142857,-0.1357142857142857,-0.6857142857142857,-0.17142857142857143,-0.8392857142857143,-0.2,-0.37142857142857144,-0.5392857142857143,-0.6357142857142857,-0.4928571428571429,-0.8071428571428572,-0.45714285714285713,-0.9571428571428572,-0.42857142857142855,-0.32142857142857145,-0.55,-0.65,-0.48928571428571427,-0.8357142857142857,-0.45357142857142857,-1.0,-0.4357142857142857,-0.28214285714285714,-0.5071428571428571,-0.6071428571428571,-0.44285714285714284,-0.7821428571428571,-0.41785714285714287,-0.9321428571428572,-0.4107142857142857,-0.26071428571428573,-0.4107142857142857,-0.5,-0.35714285714285715,-0.6392857142857142,-0.3392857142857143,-0.7607142857142857,-0.3357142857142857
4,0.0,0.0,-0.2857142857142857,-0.06912442396313365,-0.5299539170506913,-0.18433179723502305,-0.7188940092165899,-0.24423963133640553,-0.8940092165898618,-0.2903225806451613,-0.3778801843317972,-0.6682027649769585,-0.6682027649769585,-0.6267281105990783,-0.8525345622119815,-0.6129032258064516,-1.0,-0.6221198156682027,-0.2857142857142857,-0.6866359447004609,-0.6405529953917051,-0.6359447004608295,-0.8294930875576036,-0.6129032258064516,-0.9953917050691244,-0.6175115207373272,-0.2073732718894009,-0.631336405529954,-0.5668202764976958,-0.5852534562211982,-0.7603686635944701,-0.576036866359447,-0.9216589861751152,-0.5852534562211982,-0.16589861751152074,-0.5253456221198156,-0.4470046082949309,-0.48847926267281105,-0.6082949308755761,-0.4838709677419355,-0.7511520737327189,-0.5023041474654378
4,0.0,0.0,-0.2833333333333333,-0.05,-0.5166666666666667,-0.16666666666666666,-0.5166666666666667,-0.25,-0.39166666666666666,-0.3333333333333333,-0.5583333333333333,-0.7666666666666667,-0.5916666666666667,-0.9083333333333333,-0.5833333333333334,-0.9416666666666667,-0.5416666666666666,-0.9,-0.2833333333333333,-0.825,-0.2916666666666667,-1.0,-0.30833333333333335,-0.9916666666666667,-0.30833333333333335,-0.9333333333333333,-0.016666666666666666,-0.7833333333333333,-0.008333333333333333,-0.925,-0.05,-0.9166666666666666,-0.09166666666666666,-0.8833333333333333,0.25,-0.6416666666666667,0.24166666666666667,-0.7583333333333333,0.18333333333333332,-0.7583333333333333,0.11666666666666667,-0.7583333333333333
4,0.0,0.0,-0.32075471698113206,-0.03773584905660377,-0.5943396226415094,-0.14150943396226415,-0.5566037735849056,-0.24528301886792453,-0.330188679245283,-0.3113207547169811,-0.6226415094339622,-0.8018867924528302,-0.6226415094339622,-0.8773584905660378,-0.5566037735849056,-0.9245283018867925,-0.5,-0.9528301886792453,-0.330188679245283,-0.8679245283018868,-0.3018867924528302,-0.9716981132075472,-0.24528301886792453,-0.9905660377358491,-0.2169811320754717,-1.0,-0.03773584905660377,-0.8113207547169812,0.0,-0.9056603773584906,0.018867924528301886,-0.9150943396226415,0.0,-0.9433962264150944,0.24528301886792453,-0.660377358490566,0.2830188679245283,-0.7452830188679245,0.2641509433962264,-0.7641509433962265,0.2169811320754717,-0.8018867924528302
4,0.0,0.0,-0.3076923076923077,-0.019230769230769232,-0.5576923076923077,-0.14423076923076922,-0.5,-0.2403846153846154,-0.2980769230769231,-0.2980769230769231,-0.5961538461538461,-0.75,-0.6057692307692307,-0.8365384615384616,-0.5384615384615384,-0.9038461538461539,-0.4423076923076923,-0.9326923076923077,-0.2980769230769231,-0.8173076923076923,-0.27884615384615385,-0.9615384615384616,-0.23076923076923078,-1.0,-0.19230769230769232,-0.9903846153846154,-0.009615384615384616,-0.7692307692307693,0.038461538461538464,-0.9038461538461539,0.04807692307692308,-0.9230769230769231,0.028846153846153848,-0.9423076923076923,0.25961538461538464,-0.625,0.3076923076923077,-0.7307692307692307,0.27884615384615385,-0.7596153846153846,0.22115384615384615,-0.7980769230769231
4,0.0,0.0,-0.2857142857142857,-0.02857142857142857,-0.5142857142857142,-0.13333333333333333,-0.4857142857142857,-0.23809523809523808,-0.2857142857142857,-0.3047619047619048,-0.580952380952381,-0.8285714285714286,-0.580952380952381,-0.8571428571428571,-0.5238095238095238,-0.9142857142857143,-0.44761904761904764,-0.9523809523809523,-0.2761904761904762,-0.8952380952380953,-0.26666666666666666,-1.0,-0.20952380952380953,-1.0,-0.17142857142857143,-0.9809523809523809,0.01904761904761905,-0.8380952380952381,0.047619047619047616,-0.9238095238095239,0.05714285714285714,-0.9142857142857143,0.047619047619047616,-0.9333333333333333,0.29523809523809524,-0.6857142857142857,0.3142857142857143,-0.7619047619047619,0.2857142857142857,-0.7714285714285715,0.23809523809523808,-0.8
4,0.0,0.0,-0.25862068965517243,-0.028735632183908046,-0.5114942528735632,-0.14942528735632185,-0.6896551724137931,-0.2413793103448276,-0.867816091954023,-0.29310344827586204,-0.42528735632183906,-0.6609195402298851,-0.6666666666666666,-0.6379310344827587,-0.8448275862068966,-0.632183908045977,-1.0,-0.6264367816091954,-0.29310344827586204,-0.7126436781609196,-0.5977011494252874,-0.6724137931034483,-0.7988505747126436,-0.6551724137931034,-0.9770114942528736,-0.6436781609195402,-0.16666666666666666,-0.6781609195402298,-0.4827586206896552,-0.632183908045977,-0.6724137931034483,-0.6264367816091954,-0.8448275862068966,-0.6264367816091954,-0.07471264367816093,-0.5747126436781609,-0.3218390804597701,-0.5344827586206896,-0.47701149425287354,-0.5287356321839081,-0.6149425287356322,-0.5344827586206896
4,0.0,0.0,-0.3,-0.05454545454545454,-0.5363636363636364,-0.1590909090909091,-0.7318181818181818,-0.18636363636363637,-0.9,-0.21363636363636362,-0.35909090909090907,-0.5818181818181818,-0.65,-0.5363636363636364,-0.8272727272727273,-0.509090909090909,-0.9818181818181818,-0.4909090909090909,-0.30454545454545456,-0.5863636363636363,-0.6545454545454545,-0.5272727272727272,-0.8409090909090909,-0.4954545454545455,-1.0,-0.4818181818181818,-0.2681818181818182,-0.5318181818181819,-0.6090909090909091,-0.4818181818181818,-0.8,-0.4681818181818182,-0.9590909090909091,-0.4590909090909091,-0.2590909090909091,-0.42727272727272725,-0.5409090909090909,-0.39090909090909093,-0.7045454545454546,-0.38636363636363635,-0.8409090909090909,-0.38636363636363635
4,0.0,0.0,-0.3037974683544304,-0.03375527426160337,-0.5274261603375527,-0.12236286919831224,-0.7215189873417721,-0.14345991561181434,-0.8776371308016878,-0.15611814345991562,-0.35864978902953587,-0.5358649789029536,-0.6455696202531646,-0.4810126582278481,-0.8185654008438819,-0.4345991561181435,-0.9620253164556962,-0.4092827004219409,-0.32489451476793246,-0.5274261603375527,-0.6708860759493671,-0.46835443037974683,-0.8438818565400844,-0.43037974683544306,-1.0,-0.4050632911392405,-0.3080168776371308,-0.46835443037974683,-0.6371308016877637,-0.42616033755274263,-0.8143459915611815,-0.4008438818565401,-0.9704641350210971,-0.379746835443038,-0.31223628691983124,-0.3628691983122363,-0.5738396624472574,-0.3291139240506329,-0.7257383966244726,-0.3206751054852321,-0.8523206751054853,-0.31645569620253167
4,0.0,0.0,0.1509433962264151,-0.18867924528301888,0.1320754716981132,-0.49056603773584906,0.018867924528301886,-0.7169811320754716,-0.11320754716981132,-0.8679245283018868,-0.03773584905660377,-0.5660377358490566,-0.18867924528301888,-0.7547169811320755,-0.3018867924528302,-0.8867924528301887,-0.3584905660377358,-1.0,-0.18867924528301888,-0.49056603773584906,-0.33962264150943394,-0.6981132075471698,-0.4339622641509434,-0.8490566037735849,-0.5094339622641509,-0.9811320754716981,-0.33962264150943394,-0.4339622641509434,-0.49056603773584906,-0.6226415094339622,-0.5849056603773585,-0.7735849056603774,-0.660377358490566,-0.9245283018867925,-0.5094339622641509,-0.3584905660377358,-0.6226415094339622,-0.5283018867924528,-0.6981132075471698,-0.660377358490566,-0.7547169811320755,-0.7735849056603774
4,0.0,0.0,0.07272727272727272,-0.21818181818181817,0.01818181818181818,-0.509090909090909,-0.07272727272727272,-0.7090909090909091,-0.2,-0.8545454545454545,-0.09090909090909091,-0.5454545454545454,-0.23636363636363636,-0.7272727272727273,-0.32727272727272727,-0.8727272727272727,-0.38181818181818183,-1.0,-0.21818181818181817,-0.4727272727272727,-0.36363636363636365,-0.6727272727272727,-0.45454545454545453,-0.8363636363636363,-0.5272727272727272,-0.9818181818181818,-0.36363636363636365,-0.41818181818181815,-0.4909090909090909,-0.6,-0.5818181818181818,-0.7636363636363637,-0.6545454545454545,-0.9090909090909091,-0.4909090909090909,-0.34545454545454546,-0.6181818181818182,-0.509090909090909,-0.6909090909090909,-0.6363636363636364,-0.7454545454545455,-0.7636363636363637
4,0.0,0.0,0.14285714285714285,-0.17857142857142858,0.14285714285714285,-0.4642857142857143,0.07142857142857142,-0.6964285714285714,-0.05357142857142857,-0.8392857142857143,-0.07142857142857142,-0.5535714285714286,-0.21428571428571427,-0.75,-0.32142857142857145,-0.8928571428571429,-0.39285714285714285,-1.0,-0.21428571428571427,-0.5,-0.375,-0.6964285714285714,-0.4642857142857143,-0.8571428571428571,-0.5357142857142857,-1.0,-0.375,-0.42857142857142855,-0.5178571428571429,-0.6071428571428571,-0.6071428571428571,-0.7678571428571429,-0.6785714285714286,-0.8928571428571429,-0.5357142857142857,-0.3392857142857143,-0.6428571428571429,-0.5,-0.7142857142857143,-0.625,-0.7678571428571429,-0.75
4,0.0,0.0,0.12962962962962962,-0.2037037037037037,0.12962962962962962,-0.48148148148148145,0.05555555555555555,-0.7037037037037037,-0.05555555555555555,-0.8518518518518519,-0.09259259259259259,-0.5370370370370371,-0.24074074074074073,-0.7407407407407407,-0.3333333333333333,-0.8888888888888888,-0.4074074074074074,-1.0,-0.25925925925925924,-0.48148148148148145,-0.4074074074074074,-0.6851851851851852,-0.5,-0.8333333333333334,-0.5555555555555556,-0.9814814814814815,-0.4074074074074074,-0.4074074074074074,-0.5555555555555556,-0.5925925925925926,-0.6296296296296297,-0.7592592592592593,-0.6851851851851852,-0.8888888888888888,-0.5555555555555556,-0.3148148148148148,-0.6851851851851852,-0.48148148148148145,-0.7592592592592593,-0.6111111111111112,-0.7962962962962963,-0.7407407407407407
4,0.0,0.0,0.3137254901960784,-0.09803921568627451,0.5,-0.23529411764705882,0.6715686274509803,-0.3088235294117647,0.8382352941176471,-0.3627450980392157,0.30392156862745096,-0.6176470588235294,0.6176470588235294,-0.6176470588235294,0.7892156862745098,-0.6274509803921569,0.9362745098039216,-0.6323529411764706,0.2549019607843137,-0.5931372549019608,0.6274509803921569,-0.6274509803921569,0.8186274509803921,-0.6274509803921569,1.0,-0.6176470588235294,0.23529411764705882,-0.5147058823529411,0.5882352941176471,-0.5588235294117647,0.7892156862745098,-0.5686274509803921,0.9656862745098039,-0.6029411764705882,0.25,-0.37745098039215685,0.5196078431372549,-0.43137254901960786,0.6764705882352942,-0.47549019607843135,0.8088235294117647,-0.5294117647058824
4,0.0,0.0,0.3073170731707317,-0.08780487804878048,0.4975609756097561,-0.22439024390243903,0.6682926829268293,-0.2975609756097561,0.8341463414634146,-0.35121951219512193,0.3073170731707317,-0.6,0.6195121951219512,-0.6048780487804878,0.7853658536585366,-0.6048780487804878,0.9317073170731708,-0.6,0.25853658536585367,-0.5804878048780487,0.6292682926829268,-0.6146341463414634,0.8195121951219512,-0.6097560975609756,1.0,-0.5951219512195122,0.24390243902439024,-0.5024390243902439,0.6,-0.551219512195122,0.8,-0.5658536585365853,0.975609756097561,-0.5902439024390244,0.2634146341463415,-0.36585365853658536,0.5414634146341464,-0.4195121951219512,0.697560975609756,-0.4585365853658537,0.824390243902439,-0.5024390243902439
4,0.0,0.0,0.32524271844660196,-0.0970873786407767,0.5048543689320388,-0.22330097087378642,0.6699029126213593,-0.2912621359223301,0.8300970873786407,-0.3446601941747573,0.30097087378640774,-0.6067961165048543,0.616504854368932,-0.6067961165048543,0.7815533980582524,-0.6067961165048543,0.9271844660194175,-0.6067961165048543,0.25728155339805825,-0.5825242718446602,0.6359223300970874,-0.616504854368932,0.8203883495145631,-0.6067961165048543,1.0,-0.5922330097087378,0.24271844660194175,-0.5,0.6116504854368932,-0.5436893203883495,0.8058252427184466,-0.5533980582524272,0.9757281553398058,-0.5776699029126213,0.2669902912621359,-0.3592233009708738,0.5485436893203883,-0.4077669902912621,0.7038834951456311,-0.44660194174757284,0.8300970873786407,-0.49514563106796117
4,0.0,0.0,0.3177570093457944,-0.09345794392523364,0.5,-0.21962616822429906,0.6682242990654206,-0.29439252336448596,0.8271028037383178,-0.3411214953271028,0.29906542056074764,-0.6121495327102804,0.6121495327102804,-0.602803738317757,0.7850467289719626,-0.602803738317757,0.9299065420560748,-0.602803738317757,0.2523364485981308,-0.5887850467289719,0.6261682242990654,-0.6074766355140186,0.8177570093457944,-0.5981308411214953,1.0,-0.5794392523364486,0.2336448598130841,-0.5046728971962616,0.5887850467289719,-0.5373831775700935,0.7897196261682243,-0.5420560747663551,0.9672897196261683,-0.5607476635514018,0.24766355140186916,-0.35514018691588783,0.5186915887850467,-0.40186915887850466,0.6728971962616822,-0.4392523364485981,0.8037383177570093,-0.48598130841121495
4,0.0,0.0,0.31336405529953915,-0.10138248847926268,0.4976958525345622,-0.21658986175115208,0.6728110599078341,-0.2903225806451613,0.8294930875576036,-0.3456221198156682,0.2672811059907834,-0.6221198156682027,0.5990783410138248,-0.6129032258064516,0.7788018433179723,-0.6036866359447005,0.9308755760368663,-0.5944700460829493,0.22580645161290322,-0.5852534562211982,0.6175115207373272,-0.6036866359447005,0.815668202764977,-0.5898617511520737,1.0,-0.5714285714285714,0.2119815668202765,-0.48847926267281105,0.5852534562211982,-0.5207373271889401,0.783410138248848,-0.5253456221198156,0.9585253456221198,-0.543778801843318,0.2350230414746544,-0.3317972350230415,0.5253456221198156,-0.3778801843317972,0.6774193548387096,-0.41935483870967744,0.8064516129032258,-0.4700460829493088
4,0.0,0.0,0.3119266055045872,-0.12385321100917432,0.4954128440366973,-0.24770642201834864,0.6651376146788991,-0.3302752293577982,0.8211009174311926,-0.3944954128440367,0.22935779816513763,-0.6513761467889908,0.5779816513761468,-0.6513761467889908,0.7752293577981652,-0.6467889908256881,0.944954128440367,-0.6422018348623854,0.1834862385321101,-0.6100917431192661,0.5963302752293578,-0.6284403669724771,0.8119266055045872,-0.6192660550458715,1.0,-0.6146788990825688,0.1743119266055046,-0.5045871559633027,0.5596330275229358,-0.5412844036697247,0.7706422018348624,-0.5458715596330275,0.944954128440367,-0.5688073394495413,0.1926605504587156,-0.3532110091743119,0.4908256880733945,-0.3944954128440367,0.6513761467889908,-0.43577981651376146,0.7889908256880734,-0.4908256880733945
4,0.0,0.0,0.30303030303030304,-0.09956709956709957,0.48917748917748916,-0.20346320346320346,0.658008658008658,-0.27705627705627706,0.7965367965367965,-0.33766233766233766,0.26406926406926406,-0.6190476190476191,0.6017316017316018,-0.6017316017316018,0.7835497835497836,-0.5844155844155844,0.9393939393939394,-0.5714285714285714,0.22077922077922077,-0.5757575757575758,0.6190476190476191,-0.5844155844155844,0.8181818181818182,-0.5627705627705628,1.0,-0.5497835497835498,0.19913419913419914,-0.47186147186147187,0.5757575757575758,-0.48917748917748916,0.7705627705627706,-0.48917748917748916,0.9393939393939394,-0.49783549783549785,0.21212121212121213,-0.3116883116883117,0.5021645021645021,-0.341991341991342,0.658008658008658,-0.37662337662337664,0.7922077922077922,-0.4199134199134199
4,0.0,0.0,0.314410480349345,-0.07423580786026202,0.5065502183406113,-0.18340611353711792,0.6724890829694323,-0.24890829694323144,0.8122270742358079,-0.30131004366812225,0.31877729257641924,-0.5807860262008734,0.6200873362445415,-0.5676855895196506,0.7860262008733624,-0.5633187772925764,0.9344978165938864,-0.5633187772925764,0.2794759825327511,-0.5502183406113537,0.6419213973799127,-0.5545851528384279,0.8253275109170306,-0.5458515283842795,1.0,-0.5283842794759825,0.27074235807860264,-0.4672489082969432,0.6244541484716157,-0.48034934497816595,0.8078602620087336,-0.4759825327510917,0.9694323144104804,-0.4890829694323144,0.28820960698689957,-0.31877729257641924,0.5676855895196506,-0.3537117903930131,0.7074235807860262,-0.3799126637554585,0.8296943231441049,-0.4148471615720524
4,0.0,0.0,0.32075471698113206,-0.07547169811320754,0.5047169811320755,-0.19811320754716982,0.660377358490566,-0.2688679245283019,0.8160377358490566,-0.29245283018867924,0.35377358490566035,-0.6037735849056604,0.6462264150943396,-0.5660377358490566,0.8066037735849056,-0.5518867924528302,0.9433962264150944,-0.5377358490566038,0.29245283018867924,-0.5943396226415094,0.6415094339622641,-0.5707547169811321,0.8207547169811321,-0.5518867924528302,1.0,-0.5235849056603774,0.25471698113207547,-0.5188679245283019,0.589622641509434,-0.5094339622641509,0.7830188679245284,-0.5,0.9575471698113207,-0.5,0.24056603773584906,-0.38207547169811323,0.5047169811320755,-0.4056603773584906,0.6509433962264151,-0.42452830188679247,0.7830188679245284,-0.45754716981132076
4,0.0,0.0,0.2631578947368421,-0.1118421052631579,0.45394736842105265,-0.27631578947368424,0.5526315789473685,-0.39473684210526316,0.6973684210526315,-0.4605263157894737,0.34210526315789475,-0.7828947368421053,0.6381578947368421,-0.756578947368421,0.8289473684210527,-0.7171052631578947,1.0,-0.6644736842105263,0.2236842105263158,-0.8092105263157895,0.5723684210526315,-0.7763157894736842,0.7960526315789473,-0.7302631578947368,0.993421052631579,-0.6710526315789473,0.1118421052631579,-0.756578947368421,0.46710526315789475,-0.743421052631579,0.6907894736842105,-0.7171052631578947,0.881578947368421,-0.6842105263157895,0.019736842105263157,-0.631578947368421,0.2894736842105263,-0.6513157894736842,0.45394736842105265,-0.6513157894736842,0.5986842105263158,-0.6513157894736842
4,0.0,0.0,0.26666666666666666,-0.09166666666666666,0.45,-0.2833333333333333,0.5083333333333333,-0.44166666666666665,0.55,-0.6,0.48333333333333334,-0.775,0.6333333333333333,-0.8666666666666667,0.8,-0.8833333333333333,0.9583333333333334,-0.8833333333333333,0.31666666666666665,-0.8416666666666667,0.49166666666666664,-0.95,0.6583333333333333,-0.9833333333333333,0.85,-1.0,0.13333333333333333,-0.8333333333333334,0.31666666666666665,-0.95,0.49166666666666664,-0.975,0.675,-0.9833333333333333,-0.058333333333333334,-0.75,0.13333333333333333,-0.8666666666666667,0.26666666666666666,-0.9083333333333333,0.4166666666666667,-0.9416666666666667
4,0.0,0.0,0.216,-0.08,0.336,-0.24,0.32,-0.408,0.296,-0.592,0.472,-0.632,0.56,-0.792,0.584,-0.88,0.584,-0.888,0.288,-0.712,0.352,-0.888,0.384,-0.968,0.44,-1.0,0.088,-0.712,0.144,-0.88,0.184,-0.952,0.24,-0.976,-0.144,-0.648,-0.096,-0.808,-0.04,-0.888,0.048,-0.944
4,0.0,0.0,0.21311475409836064,-0.07377049180327869,0.3360655737704918,-0.22131147540983606,0.3114754098360656,-0.4016393442622951,0.3114754098360656,-0.5901639344262295,0.45081967213114754,-0.6229508196721312,0.5491803278688525,-0.7786885245901639,0.5819672131147541,-0.8524590163934426,0.5983606557377049,-0.860655737704918,0.27049180327868855,-0.7049180327868853,0.3360655737704918,-0.8770491803278688,0.3770491803278688,-0.9590163934426229,0.45081967213114754,-1.0,0.06557377049180328,-0.7131147540983607,0.12295081967213115,-0.8852459016393442,0.18032786885245902,-0.9508196721311475,0.2540983606557377,-0.9672131147540983,-0.16393442622950818,-0.6475409836065574,-0.12295081967213115,-0.7950819672131147,-0.05737704918032787,-0.8852459016393442,0.02459016393442623,-0.9344262295081968
4,0.0,0.0,0.226890756302521,-0.06722689075630252,0.3445378151260504,-0.23529411764705882,0.3277310924369748,-0.4117647058823529,0.3025210084033613,-0.5882352941176471,0.47058823529411764,-0.6218487394957983,0.5630252100840336,-0.7563025210084033,0.6050420168067226,-0.8487394957983193,0.6386554621848739,-0.8823529411764706,0.2857142857142857,-0.7058823529411765,0.36134453781512604,-0.8739495798319328,0.42016806722689076,-0.957983193277311,0.4957983193277311,-1.0,0.07563025210084033,-0.7142857142857143,0.14285714285714285,-0.8991596638655462,0.20168067226890757,-0.9495798319327731,0.2857142857142857,-0.957983193277311,-0.16806722689075632,-0.6554621848739496,-0.12605042016806722,-0.8151260504201681,-0.05042016806722689,-0.8991596638655462,0.05042016806722689,-0.9495798319327731
4,0.0,0.0,0.19130434782608696,-0.05217391304347826,0.33043478260869563,-0.22608695652173913,0.3391304347826087,-0.4,0.2956521739130435,-0.5826086956521739,0.4608695652173913,-0.6260869565217392,0.5652173913043478,-0.782608695652174,0.591304347826087,-0.8608695652173913,0.6086956521739131,-0.8782608695652174,0.26956521739130435,-0.7130434782608696,0.3391304347826087,-0.8869565217391304,0.391304347826087,-0.9739130434782609,0.4608695652173913,-1.0,0.043478260869565216,-0.7217391304347827,0.10434782608695652,-0.9043478260869565,0.16521739130434782,-0.9652173913043478,0.25217391304347825,-0.991304347826087,-0.2,-0.6608695652173913,-0.16521739130434782,-0.8173913043478261,-0.08695652173913043,-0.8956521739130435,0.017391304347826087,-0.9478260869565217
4,0.0,0.0,0.20168067226890757,-0.04201680672268908,0.3865546218487395,-0.21008403361344538,0.453781512605042,-0.37815126050420167,0.48739495798319327,-0.5378151260504201,0.3949579831932773,-0.6638655462184874,0.5210084033613446,-0.8067226890756303,0.6722689075630253,-0.865546218487395,0.8319327731092437,-0.8907563025210085,0.23529411764705882,-0.7310924369747899,0.3697478991596639,-0.907563025210084,0.5126050420168067,-0.9663865546218487,0.680672268907563,-1.0,0.06722689075630252,-0.7394957983193278,0.20168067226890757,-0.9243697478991597,0.36134453781512604,-0.9747899159663865,0.5294117647058824,-1.0,-0.11764705882352941,-0.6974789915966386,0.04201680672268908,-0.8739495798319328,0.17647058823529413,-0.9243697478991597,0.31932773109243695,-0.957983193277311
4,0.0,0.0,0.2645161290322581,-0.1032258064516129,0.47096774193548385,-0.27741935483870966,0.6258064516129033,-0.3870967741935484,0.7870967741935484,-0.4645161290322581,0.22580645161290322,-0.8,0.567741935483871,-0.7870967741935484,0.8,-0.7741935483870968,1.0,-0.7419354838709677,0.10967741935483871,-0.7935483870967742,0.5161290322580645,-0.7870967741935484,0.7806451612903226,-0.7612903225806451,0.9935483870967742,-0.7290322580645161,0.03870967741935484,-0.7161290322580646,0.43870967741935485,-0.7290322580645161,0.6903225806451613,-0.7096774193548387,0.896774193548387,-0.6838709677419355,0.0064516129032258064,-0.5741935483870968,0.3161290322580645,-0.6193548387096774,0.4967741935483871,-0.632258064516129,0.6516129032258065,-0.6387096774193548
4,0.0,0.0,0.30434782608695654,-0.0821256038647343,0.4927536231884058,-0.19806763285024154,0.6666666666666666,-0.26570048309178745,0.8309178743961353,-0.2946859903381642,0.33816425120772947,-0.6086956521739131,0.6376811594202898,-0.5748792270531401,0.7971014492753623,-0.5603864734299517,0.9420289855072463,-0.5410628019323671,0.2753623188405797,-0.5893719806763285,0.642512077294686,-0.5797101449275363,0.8260869565217391,-0.5458937198067633,1.0,-0.5169082125603864,0.23671497584541062,-0.5072463768115942,0.5797101449275363,-0.5120772946859904,0.7777777777777778,-0.4975845410628019,0.9565217391304348,-0.5072463768115942,0.2222222222222222,-0.3671497584541063,0.4830917874396135,-0.3864734299516908,0.6280193236714976,-0.4057971014492754,0.7632850241545893,-0.4396135265700483
4,0.0,0.0,0.3018867924528302,-0.08490566037735849,0.49056603773584906,-0.19339622641509435,0.6698113207547169,-0.25,0.8301886792452831,-0.2830188679245283,0.33490566037735847,-0.6037735849056604,0.6320754716981132,-0.5707547169811321,0.7924528301886793,-0.5566037735849056,0.9386792452830188,-0.5330188679245284,0.28773584905660377,-0.589622641509434,0.6462264150943396,-0.5754716981132075,0.8254716981132075,-0.5518867924528302,1.0,-0.5094339622641509,0.2641509433962264,-0.5141509433962265,0.5990566037735849,-0.5094339622641509,0.7877358490566038,-0.49528301886792453,0.9575471698113207,-0.49056603773584906,0.2641509433962264,-0.37264150943396224,0.5235849056603774,-0.39622641509433965,0.6650943396226415,-0.41509433962264153,0.7877358490566038,-0.44339622641509435
4,0.0,0.0,0.3004484304932735,-0.05829596412556054,0.4977578475336323,-0.13901345291479822,0.672645739910314,-0.17937219730941703,0.820627802690583,-0.21076233183856502,0.3452914798206278,-0.5246636771300448,0.6412556053811659,-0.4798206278026906,0.7982062780269058,-0.4439461883408072,0.9327354260089686,-0.4125560538116592,0.3094170403587444,-0.5022421524663677,0.6591928251121076,-0.4798206278026906,0.8385650224215246,-0.4484304932735426,1.0,-0.4080717488789238,0.2914798206278027,-0.4260089686098655,0.6278026905829597,-0.42152466367713004,0.8116591928251121,-0.40358744394618834,0.968609865470852,-0.3991031390134529,0.3004484304932735,-0.2914798206278027,0.5650224215246636,-0.30493273542600896,0.7085201793721974,-0.3183856502242152,0.8340807174887892,-0.34080717488789236
4,0.0,0.0,0.28440366972477066,-0.045871559633027525,0.4954128440366973,-0.12844036697247707,0.6743119266055045,-0.1651376146788991,0.8165137614678899,-0.2018348623853211,0.3394495412844037,-0.5229357798165137,0.6376146788990825,-0.46788990825688076,0.8073394495412844,-0.44036697247706424,0.9495412844036697,-0.41743119266055045,0.30275229357798167,-0.4954128440366973,0.6559633027522935,-0.463302752293578,0.8440366972477065,-0.43577981651376146,1.0,-0.39908256880733944,0.29357798165137616,-0.40825688073394495,0.6284403669724771,-0.39908256880733944,0.8211009174311926,-0.3853211009174312,0.9770642201834863,-0.38073394495412843,0.3073394495412844,-0.27522935779816515,0.573394495412844,-0.27522935779816515,0.7201834862385321,-0.2889908256880734,0.8394495412844036,-0.3073394495412844
5,0.0,0.0,-0.09595959595959595,-0.31313131313131315,-0.2878787878787879,-0.5909090909090909,-0.4393939393939394,-0.8080808080808081,-0.4595959595959596,-1.0,-0.6060606060606061,-0.5353535353535354,-0.8383838383838383,-0.4292929292929293,-0.7373737373737373,-0.3686868686868687,-0.6111111111111112,-0.37373737373737376,-0.6515151515151515,-0.3383838383838384,-0.8585858585858586,-0.2676767676767677,-0.7474747474747475,-0.2222222222222222,-0.6262626262626263,-0.2222222222222222,-0.6515151515151515,-0.13636363636363635,-0.8434343434343434,-0.10101010101010101,-0.7373737373737373,-0.06565656565656566,-0.6161616161616161,-0.06565656565656566,-0.6313131313131313,0.06565656565656566,-0.7878787878787878,0.06060606060606061,-0.6818181818181818,0.08585858585858586,-0.5858585858585859,0.08585858585858586
5,0.0,0.0,-0.07692307692307693,-0.31794871794871793,-0.2717948717948718,-0.5948717948717949,-0.4256410256410256,-0.8051282051282052,-0.4512820512820513,-1.0,-0.6,-0.5384615384615384,-0.8307692307692308,-0.4256410256410256,-0.7282051282051282,-0.36923076923076925,-0.6,-0.38461538461538464,-0.6410256410256411,-0.3333333333333333,-0.8512820512820513,-0.26153846153846155,-0.7384615384615385,-0.2205128205128205,-0.6102564102564103,-0.22564102564102564,-0.6461538461538462,-0.12307692307692308,-0.8358974358974359,-0.09230769230769231,-0.7230769230769231,-0.05641025641025641,-0.6051282051282051,-0.06153846153846154,-0.6153846153846154,0.07692307692307693,-0.7743589743589744,0.07692307692307693,-0.6717948717948717,0.10256410256410256,-0.5692307692307692,0.10256410256410256
5,0.0,0.0,-0.08837209302325581,-0.31627906976744186,-0.2744186046511628,-0.5953488372093023,-0.44651162790697674,-0.8046511627906977,-0.48372093023255813,-1.0,-0.6139534883720931,-0.5255813953488372,-0.8418604651162791,-0.4325581395348837,-0.7348837209302326,-0.386046511627907,-0.6093023255813953,-0.3953488372093023,-0.6651162790697674,-0.31627906976744186,-0.8651162790697674,-0.2651162790697674,-0.7534883720930232,-0.22325581395348837,-0.6325581395348837,-0.22790697674418606,-0.6790697674418604,-0.09767441860465116,-0.8511627906976744,-0.08837209302325581,-0.7441860465116279,-0.06046511627906977,-0.6232558139534884,-0.05581395348837209,-0.6651162790697674,0.10697674418604651,-0.8,0.07906976744186046,-0.6976744186046512,0.09767441860465116,-0.6046511627906976,0.09767441860465116
5,0.0,0.0,-0.09009009009009009,-0.3108108108108108,-0.2927927927927928,-0.5855855855855856,-0.45495495495495497,-0.7927927927927928,-0.46396396396396394,-1.0,-0.5990990990990991,-0.4954954954954955,-0.8513513513513513,-0.40540540540540543,-0.7387387387387387,-0.3738738738738739,-0.6081081081081081,-0.38738738738738737,-0.6396396396396397,-0.2747747747747748,-0.8738738738738738,-0.23873873873873874,-0.7522522522522522,-0.21621621621621623,-0.6216216216216216,-0.21621621621621623,-0.6396396396396397,-0.05855855855855856,-0.8558558558558559,-0.06306306306306306,-0.7387387387387387,-0.04504504504504504,-0.6171171171171171,-0.04504504504504504,-0.6126126126126126,0.13063063063063063,-0.7882882882882883,0.10810810810810811,-0.6891891891891891,0.11711711711711711,-0.5990990990990991,0.11711711711711711
5,0.0,0.0,-0.1095890410958904,-0.3059360730593607,-0.3287671232876712,-0.5707762557077626,-0.502283105022831,-0.7808219178082192,-0.5159817351598174,-1.0,-0.6666666666666666,-0.4703196347031963,-0.908675799086758,-0.3789954337899543,-0.7899543378995434,-0.3378995433789954,-0.6621004566210046,-0.3515981735159817,-0.6986301369863014,-0.2420091324200913,-0.9360730593607306,-0.2009132420091324,-0.8082191780821918,-0.1735159817351598,-0.6666666666666666,-0.1780821917808219,-0.684931506849315,-0.0273972602739726,-0.908675799086758,-0.0182648401826484,-0.7899543378995434,0.0045662100456621,-0.6575342465753424,0.0,-0.639269406392694,0.1598173515981735,-0.817351598173516,0.1552511415525114,-0.7168949771689498,0.1643835616438356,-0.6210045662100456,0.1598173515981735
5,0.0,0.0,-0.1004566210045662,-0.319634703196347,-0.3242009132420091,-0.5844748858447488,-0.4931506849315068,-0.7899543378995434,-0.4931506849315068,-1.0,-0.6164383561643836,-0.4977168949771689,-0.8858447488584474,-0.3972602739726027,-0.771689497716895,-0.3607305936073059,-0.639269406392694,-0.3789954337899543,-0.6484018264840182,-0.2785388127853881,-0.908675799086758,-0.228310502283105,-0.7808219178082192,-0.2054794520547945,-0.6438356164383562,-0.2146118721461187,-0.6438356164383562,-0.0684931506849315,-0.8812785388127854,-0.0502283105022831,-0.7625570776255708,-0.0365296803652968,-0.634703196347032,-0.0410958904109589,-0.6164383561643836,0.1232876712328767,-0.8082191780821918,0.1141552511415525,-0.7077625570776256,0.1187214611872146,-0.6118721461187214,0.1141552511415525
5,0.0,0.0,-0.09523809523809523,-0.30687830687830686,-0.25925925925925924,-0.582010582010582,-0.3862433862433862,-0.8042328042328042,-0.36507936507936506,-1.0,-0.5608465608465608,-0.5343915343915344,-0.798941798941799,-0.43386243386243384,-0.7037037037037037,-0.38095238095238093,-0.5873015873015873,-0.3915343915343915,-0.5978835978835979,-0.3439153439153439,-0.8306878306878307,-0.2857142857142857,-0.7248677248677249,-0.24338624338624337,-0.6031746031746031,-0.23809523809523808,-0.6031746031746031,-0.14285714285714285,-0.8201058201058201,-0.12169312169312169,-0.7195767195767195,-0.08465608465608465,-0.6031746031746031,-0.08465608465608465,-0.582010582010582,0.047619047619047616,-0.7777777777777778,0.042328042328042326,-0.6984126984126984,0.06349206349206349,-0.6031746031746031,0.06349206349206349
5,0.0,0.0,-0.0893854748603352,-0.30726256983240224,-0.2737430167597765,-0.5865921787709497,-0.41899441340782123,-0.8044692737430168,-0.40782122905027934,-1.0,-0.5642458100558659,-0.5586592178770949,-0.8100558659217877,-0.43575418994413406,-0.7150837988826816,-0.3743016759776536,-0.5921787709497207,-0.3854748603351955,-0.6089385474860335,-0.3743016759776536,-0.8324022346368715,-0.27932960893854747,-0.7318435754189944,-0.22346368715083798,-0.6145251396648045,-0.2346368715083799,-0.6201117318435754,-0.17318435754189945,-0.8268156424581006,-0.11731843575418995,-0.7262569832402235,-0.07262569832402235,-0.6145251396648045,-0.08379888268156424,-0.6033519553072626,0.01675977653631285,-0.776536312849162,0.03910614525139665,-0.6759776536312849,0.0670391061452514,-0.5754189944134078,0.055865921787709494
5,0.0,0.0,-0.10059171597633136,-0.3136094674556213,-0.2958579881656805,-0.5857988165680473,-0.44970414201183434,-0.7988165680473372,-0.46153846153846156,-1.0,-0.6153846153846154,-0.5562130177514792,-0.834319526627219,-0.41420118343195267,-0.7396449704142012,-0.34911242603550297,-0.621301775147929,-0.3727810650887574,-0.650887573964497,-0.3727810650887574,-0.8579881656804734,-0.2603550295857988,-0.7514792899408284,-0.20710059171597633,-0.6272189349112426,-0.21893491124260356,-0.6449704142011834,-0.17751479289940827,-0.8461538461538461,-0.10650887573964497,-0.7396449704142012,-0.05917159763313609,-0.6272189349112426,-0.07100591715976332,-0.6153846153846154,0.01775147928994083,-0.7869822485207101,0.04142011834319527,-0.6923076923076923,0.07100591715976332,-0.5857988165680473,0.0650887573964497
5,0.0,0.0,-0.1125,-0.30625,-0.3125,-0.575,-0.46875,-0.79375,-0.48125,-1.0,-0.6375,-0.5375,-0.8625,-0.375,-0.76875,-0.30625,-0.65625,-0.31875,-0.6625,-0.3625,-0.875,-0.21875,-0.775,-0.1625,-0.65625,-0.18125,-0.6625,-0.16875,-0.8625,-0.06875,-0.7625,-0.01875,-0.65,-0.04375,-0.63125,0.025,-0.80625,0.08125,-0.7125,0.10625,-0.60625,0.0875
5,0.0,0.0,-0.08176100628930817,-0.3081761006289308,-0.27672955974842767,-0.5849056603773585,-0.44025157232704404,-0.7924528301886793,-0.4591194968553459,-1.0,-0.6037735849056604,-0.5534591194968553,-0.8238993710691824,-0.4088050314465409,-0.7358490566037735,-0.33962264150943394,-0.6226415094339622,-0.3522012578616352,-0.6415094339622641,-0.37735849056603776,-0.8427672955974843,-0.25157232704402516,-0.7421383647798742,-0.1949685534591195,-0.6289308176100629,-0.2138364779874214,-0.6477987421383647,-0.18867924528301888,-0.8301886792452831,-0.10062893081761007,-0.7295597484276729,-0.0440251572327044,-0.6163522012578616,-0.06289308176100629,-0.6226415094339622,0.006289308176100629,-0.779874213836478,0.050314465408805034,-0.6855345911949685,0.0880503144654088,-0.5849056603773585,0.06918238993710692
5,0.0,0.0,-0.08552631578947369,-0.3092105263157895,-0.28289473684210525,-0.5855263157894737,-0.4407894736842105,-0.8026315789473685,-0.4605263157894737,-1.0,-0.6118421052631579,-0.5657894736842105,-0.8486842105263158,-0.42105263157894735,-0.756578947368421,-0.34868421052631576,-0.631578947368421,-0.3618421052631579,-0.6513157894736842,-0.3881578947368421,-0.868421052631579,-0.2565789473684211,-0.7631578947368421,-0.19736842105263158,-0.6381578947368421,-0.21052631578947367,-0.6578947368421053,-0.19078947368421054,-0.8618421052631579,-0.09868421052631579,-0.75,-0.039473684210526314,-0.631578947368421,-0.05921052631578947,-0.6381578947368421,0.006578947368421052,-0.8026315789473685,0.05921052631578947,-0.6907894736842105,0.09868421052631579,-0.5855263157894737,0.08552631578947369
5,0.0,0.0,0.07643312101910828,-0.33121019108280253,0.25477707006369427,-0.6114649681528662,0.43312101910828027,-0.821656050955414,0.535031847133758,-1.0,0.5605095541401274,-0.5222929936305732,0.8535031847133758,-0.4840764331210191,0.7388535031847133,-0.4394904458598726,0.6050955414012739,-0.43312101910828027,0.6050955414012739,-0.3057324840764331,0.8598726114649682,-0.2929936305732484,0.7452229299363057,-0.27388535031847133,0.6178343949044586,-0.27388535031847133,0.6114649681528662,-0.09554140127388536,0.8407643312101911,-0.11464968152866242,0.732484076433121,-0.10191082802547771,0.6178343949044586,-0.08917197452229299,0.5923566878980892,0.10191082802547771,0.7961783439490446,0.050955414012738856,0.7006369426751592,0.050955414012738856,0.5923566878980892,0.06369426751592357
5,0.0,0.0,0.08496732026143791,-0.3202614379084967,0.28104575163398693,-0.6143790849673203,0.45751633986928103,-0.8235294117647058,0.5620915032679739,-1.0,0.5555555555555556,-0.5424836601307189,0.8888888888888888,-0.47058823529411764,0.7777777777777778,-0.42483660130718953,0.6405228758169934,-0.42483660130718953,0.5882352941176471,-0.32679738562091504,0.8954248366013072,-0.28104575163398693,0.7712418300653595,-0.2549019607843137,0.6339869281045751,-0.26143790849673204,0.5882352941176471,-0.1111111111111111,0.869281045751634,-0.10457516339869281,0.7450980392156863,-0.08496732026143791,0.6143790849673203,-0.0784313725490196,0.5686274509803921,0.09803921568627451,0.8235294117647058,0.06535947712418301,0.7124183006535948,0.06535947712418301,0.5882352941176471,0.06535947712418301
5,0.0,0.0,0.08387096774193549,-0.32903225806451614,0.27741935483870966,-0.6193548387096774,0.45806451612903226,-0.8258064516129032,0.5741935483870968,-1.0,0.5419354838709678,-0.5612903225806452,0.8903225806451613,-0.49032258064516127,0.7806451612903226,-0.43870967741935485,0.6387096774193548,-0.43870967741935485,0.5806451612903226,-0.3419354838709677,0.9032258064516129,-0.3096774193548387,0.7741935483870968,-0.27741935483870966,0.6258064516129033,-0.27741935483870966,0.5870967741935483,-0.12258064516129032,0.8774193548387097,-0.12258064516129032,0.7548387096774194,-0.0967741935483871,0.6193548387096774,-0.09032258064516129,0.5741935483870968,0.09032258064516129,0.8258064516129032,0.04516129032258064,0.7161290322580646,0.05161290322580645,0.5870967741935483,0.05161290322580645
5,0.0,0.0,0.07096774193548387,-0.3225806451612903,0.2645161290322581,-0.6193548387096774,0.44516129032258067,-0.8193548387096774,0.5612903225806452,-1.0,0.535483870967742,-0.5612903225806452,0.8903225806451613,-0.4967741935483871,0.7806451612903226,-0.44516129032258067,0.6387096774193548,-0.44516129032258067,0.567741935483871,-0.33548387096774196,0.9032258064516129,-0.3032258064516129,0.7741935483870968,-0.2709677419354839,0.6258064516129033,-0.27741935483870966,0.5741935483870968,-0.11612903225806452,0.8774193548387097,-0.12258064516129032,0.7548387096774194,-0.0967741935483871,0.6193548387096774,-0.08387096774193549,0.5612903225806452,0.09032258064516129,0.8193548387096774,0.05161290322580645,0.7032258064516129,0.05806451612903226,0.5741935483870968,0.05806451612903226
5,0.0,0.0,0.08433734939759036,-0.3132530120481928,0.28313253012048195,-0.608433734939759,0.45180722891566266,-0.8192771084337349,0.5542168674698795,-1.0,0.5120481927710844,-0.5542168674698795,0.8855421686746988,-0.5120481927710844,0.7710843373493976,-0.463855421686747,0.6204819277108434,-0.4578313253012048,0.5481927710843374,-0.3313253012048193,0.8975903614457831,-0.3313253012048193,0.7710843373493976,-0.30120481927710846,0.6325301204819277,-0.2891566265060241,0.5662650602409639,-0.1144578313253012,0.8795180722891566,-0.15060240963855423,0.7590361445783133,-0.12650602409638553,0.6265060240963856,-0.10843373493975904,0.572289156626506,0.08433734939759036,0.8373493975903614,0.018072289156626505,0.7228915662650602,0.030120481927710843,0.6024096385542169,0.04819277108433735
5,0.0,0.0,0.08187134502923976,-0.3157894736842105,0.27485380116959063,-0.6081871345029239,0.4444444444444444,-0.8187134502923976,0.5555555555555556,-1.0,0.5146198830409356,-0.543859649122807,0.8947368421052632,-0.5146198830409356,0.783625730994152,-0.4678362573099415,0.6491228070175439,-0.45614035087719296,0.5614035087719298,-0.3157894736842105,0.9122807017543859,-0.32748538011695905,0.7894736842105263,-0.30409356725146197,0.6549707602339181,-0.28654970760233917,0.5789473684210527,-0.09941520467836257,0.8947368421052632,-0.14035087719298245,0.7777777777777778,-0.1286549707602339,0.6491228070175439,-0.10526315789473684,0.5789473684210527,0.1111111111111111,0.8538011695906432,0.029239766081871343,0.7485380116959064,0.029239766081871343,0.6257309941520468,0.04678362573099415
5,0.0,0.0,0.06486486486486487,-0.31351351351351353,0.24324324324324326,-0.6054054054054054,0.40540540540540543,-0.8108108108108109,0.5027027027027027,-1.0,0.4594594594594595,-0.5351351351351351,0.8378378378378378,-0.5243243243243243,0.7189189189189189,-0.4972972972972973,0.572972972972973,-0.4864864864864865,0.5027027027027027,-0.3081081081081081,0.8594594594594595,-0.35135135135135137,0.7351351351351352,-0.34054054054054056,0.5945945945945946,-0.31891891891891894,0.5243243243243243,-0.10270270270270271,0.8432432432432433,-0.1783783783783784,0.7297297297297297,-0.16756756756756758,0.6,-0.14054054054054055,0.5405405405405406,0.0918918918918919,0.8054054054054054,-0.005405405405405406,0.7027027027027027,-0.005405405405405406,0.5891891891891892,0.021621621621621623
5,0.0,0.0,0.0707070707070707,-0.3181818181818182,0.2474747474747475,-0.6111111111111112,0.41414141414141414,-0.8232323232323232,0.5202020202020202,-1.0,0.48484848484848486,-0.51010101010101,0.8535353535353535,-0.5404040404040404,0.7323232323232324,-0.5151515151515151,0.5909090909090909,-0.48484848484848486,0.5353535353535354,-0.2878787878787879,0.8737373737373737,-0.35858585858585856,0.7525252525252525,-0.35353535353535354,0.6161616161616161,-0.32323232323232326,0.5555555555555556,-0.08585858585858586,0.8434343434343434,-0.17676767676767677,0.7373737373737373,-0.17676767676767677,0.6161616161616161,-0.1414141414141414,0.5656565656565656,0.10101010101010101,0.8131313131313131,-0.010101010101010102,0.7121212121212122,-0.020202020202020204,0.6060606060606061,0.020202020202020204
5,0.0,0.0,0.09045226130653267,-0.31155778894472363,0.2864321608040201,-0.5979899497487438,0.46733668341708545,-0.8140703517587939,0.5829145728643216,-1.0,0.5276381909547738,-0.49246231155778897,0.9296482412060302,-0.49748743718592964,0.8040201005025126,-0.4723618090452261,0.6482412060301508,-0.457286432160804,0.5879396984924623,-0.24623115577889448,0.9447236180904522,-0.3165829145728643,0.8190954773869347,-0.31155778894472363,0.6733668341708543,-0.2814070351758794,0.6180904522613065,-0.03015075376884422,0.9195979899497487,-0.12562814070351758,0.8040201005025126,-0.1306532663316583,0.6733668341708543,-0.09547738693467336,0.6331658291457286,0.1708542713567839,0.8793969849246231,0.04020100502512563,0.7738693467336684,0.03015075376884422,0.6683417085427136,0.07537688442211055
5,0.0,0.0,0.08653846153846154,-0.3125,0.2692307692307692,-0.5913461538461539,0.4519230769230769,-0.8125,0.5576923076923077,-1.0,0.5048076923076923,-0.47596153846153844,0.8942307692307693,-0.5048076923076923,0.7596153846153846,-0.4951923076923077,0.6153846153846154,-0.46634615384615385,0.5673076923076923,-0.2403846153846154,0.9134615384615384,-0.3269230769230769,0.7836538461538461,-0.33653846153846156,0.6442307692307693,-0.2980769230769231,0.6009615384615384,-0.03365384615384615,0.8942307692307693,-0.1346153846153846,0.7788461538461539,-0.15384615384615385,0.6538461538461539,-0.11057692307692307,0.6201923076923077,0.14903846153846154,0.8605769230769231,0.03365384615384615,0.7596153846153846,0.009615384615384616,0.6490384615384616,0.057692307692307696
5,0.0,0.0,0.08292682926829269,-0.32195121951219513,0.25853658536585367,-0.6048780487804878,0.4292682926829268,-0.8146341463414634,0.5317073170731708,-1.0,0.526829268292683,-0.5073170731707317,0.9219512195121952,-0.526829268292683,0.7804878048780488,-0.5121951219512195,0.6341463414634146,-0.4926829268292683,0.5853658536585366,-0.2682926829268293,0.926829268292683,-0.3463414634146341,0.7951219512195122,-0.35121951219512193,0.6585365853658537,-0.3121951219512195,0.6146341463414634,-0.05365853658536585,0.9024390243902439,-0.15121951219512195,0.7902439024390244,-0.16097560975609757,0.6634146341463415,-0.11707317073170732,0.6341463414634146,0.14146341463414633,0.8731707317073171,0.02926829268292683,0.7707317073170732,0.014634146341463415,0.6634146341463415,0.06341463414634146
5,0.0,0.0,0.05853658536585366,-0.33170731707317075,0.22926829268292684,-0.6146341463414634,0.3951219512195122,-0.824390243902439,0.5024390243902439,-1.0,0.4682926829268293,-0.5414634146341464,0.8390243902439024,-0.5609756097560976,0.7170731707317073,-0.5414634146341464,0.5804878048780487,-0.5170731707317073,0.5219512195121951,-0.32195121951219513,0.8439024390243902,-0.3951219512195122,0.7268292682926829,-0.4,0.6,-0.36097560975609755,0.5560975609756098,-0.12195121951219512,0.824390243902439,-0.22439024390243903,0.7170731707317073,-0.22439024390243903,0.6048780487804878,-0.18048780487804877,0.5756097560975609,0.06341463414634146,0.7951219512195122,-0.06829268292682927,0.6926829268292682,-0.06829268292682927,0.5951219512195122,-0.024390243902439025
5,0.0,0.0,0.04918032786885246,-0.3333333333333333,0.20765027322404372,-0.6284153005464481,0.3825136612021858,-0.8306010928961749,0.5136612021857924,-1.0,0.45901639344262296,-0.5355191256830601,0.8087431693989071,-0.5519125683060109,0.7158469945355191,-0.5409836065573771,0.5846994535519126,-0.5191256830601093,0.5191256830601093,-0.3114754098360656,0.8360655737704918,-0.3770491803278688,0.726775956284153,-0.3825136612021858,0.6010928961748634,-0.34972677595628415,0.546448087431694,-0.10382513661202186,0.825136612021858,-0.20218579234972678,0.726775956284153,-0.20765027322404372,0.6065573770491803,-0.17486338797814208,0.5573770491803278,0.07650273224043716,0.8032786885245902,-0.03825136612021858,0.7103825136612022,-0.0546448087431694,0.6010928961748634,-0.02185792349726776
5,0.0,0.0,0.04938271604938271,-0.345679012345679,0.2222222222222222,-0.6296296296296297,0.4012345679012346,-0.8271604938271605,0.5370370370370371,-1.0,0.5,-0.5493827160493827,0.8333333333333334,-0.5555555555555556,0.7345679012345679,-0.5308641975308642,0.5987654320987654,-0.5061728395061729,0.5555555555555556,-0.32098765432098764,0.8580246913580247,-0.38271604938271603,0.7530864197530864,-0.37037037037037035,0.6111111111111112,-0.3333333333333333,0.5864197530864198,-0.10493827160493827,0.845679012345679,-0.2037037037037037,0.7469135802469136,-0.19135802469135801,0.6234567901234568,-0.15432098765432098,0.5987654320987654,0.08024691358024691,0.8271604938271605,-0.037037037037037035,0.7345679012345679,-0.037037037037037035,0.6296296296296297,0.006172839506172839
5,0.0,0.0,0.05732484076433121,-0.3375796178343949,0.22929936305732485,-0.6242038216560509,0.42038216560509556,-0.8280254777070064,0.5477707006369427,-1.0,0.4840764331210191,-0.5732484076433121,0.8089171974522293,-0.554140127388535,0.7197452229299363,-0.5095541401273885,0.5923566878980892,-0.49044585987261147,0.5477707006369427,-0.35668789808917195,0.8407643312101911,-0.3821656050955414,0.7388535031847133,-0.35668789808917195,0.6114649681528662,-0.33121019108280253,0.5796178343949044,-0.15286624203821655,0.8343949044585988,-0.21656050955414013,0.7388535031847133,-0.1910828025477707,0.6178343949044586,-0.1592356687898089,0.5923566878980892,0.03821656050955414,0.8152866242038217,-0.05732484076433121,0.7197452229299363,-0.044585987261146494,0.6178343949044586,-0.006369426751592357
5,0.0,0.0,0.05161290322580645,-0.33548387096774196,0.21935483870967742,-0.6193548387096774,0.4064516129032258,-0.8258064516129032,0.535483870967742,-1.0,0.5032258064516129,-0.5870967741935483,0.8129032258064516,-0.5612903225806452,0.7290322580645161,-0.5096774193548387,0.6064516129032258,-0.49032258064516127,0.5612903225806452,-0.3741935483870968,0.8451612903225807,-0.3935483870967742,0.7483870967741936,-0.3548387096774194,0.6193548387096774,-0.33548387096774196,0.5935483870967742,-0.16774193548387098,0.8387096774193549,-0.21935483870967742,0.7419354838709677,-0.1935483870967742,0.6258064516129033,-0.16129032258064516,0.6064516129032258,0.025806451612903226,0.8258064516129032,-0.06451612903225806,0.7290322580645161,-0.05161290322580645,0.6258064516129033,-0.01935483870967742
5,0.0,0.0,0.0457516339869281,-0.33986928104575165,0.21568627450980393,-0.6209150326797386,0.40522875816993464,-0.8300653594771242,0.5294117647058824,-1.0,0.49673202614379086,-0.5751633986928104,0.803921568627451,-0.5490196078431373,0.7189542483660131,-0.5032679738562091,0.5947712418300654,-0.49019607843137253,0.5620915032679739,-0.37254901960784315,0.8366013071895425,-0.39215686274509803,0.7320261437908496,-0.35947712418300654,0.6143790849673203,-0.33986928104575165,0.5947712418300654,-0.16993464052287582,0.8300653594771242,-0.2222222222222222,0.738562091503268,-0.19607843137254902,0.6209150326797386,-0.16339869281045752,0.6013071895424836,0.0196078431372549,0.8169934640522876,-0.06535947712418301,0.7254901960784313,-0.05228758169934641,0.6209150326797386,-0.026143790849673203
6,0.0,0.0,-0.35664335664335667,-0.07692307692307693,-0.5944055944055944,-0.43356643356643354,-0.6293706293706294,-0.7762237762237763,-0.6293706293706294,-1.0,-0.4125874125874126,-0.6853146853146853,-0.46153846153846156,-0.8741258741258742,-0.42657342657342656,-0.6153846153846154,-0.38461538461538464,-0.5104895104895105,-0.1888111888111888,-0.6783216783216783,-0.24475524475524477,-0.8671328671328671,-0.24475524475524477,-0.5734265734265734,-0.2097902097902098,-0.4965034965034965,0.013986013986013986,-0.6363636363636364,-0.04195804195804196,-0.7902097902097902,-0.06293706293706294,-0.5174825174825175,-0.04195804195804196,-0.4405594405594406,0.22377622377622378,-0.5734265734265734,0.15384615384615385,-0.7062937062937062,0.11888111888111888,-0.5104895104895105,0.1258741258741259,-0.42657342657342656
6,0.0,0.0,-0.35251798561151076,-0.07194244604316546,-0.5899280575539568,-0.4244604316546763,-0.6474820143884892,-0.7769784172661871,-0.6690647482014388,-1.0,-0.4172661870503597,-0.6618705035971223,-0.45323741007194246,-0.8705035971223022,-0.4028776978417266,-0.5971223021582733,-0.3669064748201439,-0.5035971223021583,-0.19424460431654678,-0.6762589928057554,-0.2517985611510791,-0.8776978417266187,-0.2302158273381295,-0.5611510791366906,-0.19424460431654678,-0.5179856115107914,0.014388489208633094,-0.6546762589928058,-0.03597122302158273,-0.8129496402877698,-0.050359712230215826,-0.5179856115107914,-0.02158273381294964,-0.4748201438848921,0.22302158273381295,-0.6187050359712231,0.16546762589928057,-0.7338129496402878,0.12949640287769784,-0.5323741007194245,0.15827338129496402,-0.4748201438848921
6,0.0,0.0,-0.3561643835616438,-0.07534246575342465,-0.5958904109589042,-0.4178082191780822,-0.6506849315068494,-0.7671232876712328,-0.6712328767123288,-1.0,-0.4452054794520548,-0.6506849315068494,-0.4657534246575342,-0.8698630136986302,-0.4178082191780822,-0.6027397260273972,-0.3835616438356164,-0.5068493150684932,-0.2191780821917808,-0.6712328767123288,-0.2534246575342466,-0.8767123287671232,-0.2328767123287671,-0.5684931506849316,-0.19863013698630136,-0.5205479452054794,-0.00684931506849315,-0.6506849315068494,-0.0410958904109589,-0.815068493150685,-0.04794520547945205,-0.5205479452054794,-0.0273972602739726,-0.4657534246575342,0.21232876712328766,-0.6232876712328768,0.1643835616438356,-0.7465753424657534,0.136986301369863,-0.547945205479452,0.15753424657534246,-0.4863013698630137
6,0.0,0.0,-0.3584905660377358,-0.05660377358490566,-0.5911949685534591,-0.4088050314465409,-0.6477987421383647,-0.7610062893081762,-0.6792452830188679,-1.0,-0.44654088050314467,-0.6855345911949685,-0.4716981132075472,-0.8616352201257862,-0.42138364779874216,-0.5786163522012578,-0.37735849056603776,-0.4968553459119497,-0.22012578616352202,-0.7044025157232704,-0.2641509433962264,-0.8867924528301887,-0.24528301886792453,-0.559748427672956,-0.20125786163522014,-0.5283018867924528,-0.006289308176100629,-0.6729559748427673,-0.0440251572327044,-0.8176100628930818,-0.06918238993710692,-0.5157232704402516,-0.031446540880503145,-0.49056603773584906,0.20125786163522014,-0.6352201257861635,0.15723270440251572,-0.7295597484276729,0.11320754716981132,-0.5220125786163522,0.13836477987421383,-0.48427672955974843
6,0.0,0.0,-0.3352601156069364,-0.10982658959537572,-0.5491329479768786,-0.4508670520231214,-0.6011560693641619,-0.7745664739884393,-0.630057803468208,-1.0,-0.3988439306358382,-0.7052023121387283,-0.43352601156069365,-0.861271676300578,-0.3815028901734104,-0.5838150289017341,-0.34104046242774566,-0.5144508670520231,-0.1791907514450867,-0.7167630057803468,-0.2254335260115607,-0.8728323699421965,-0.2138728323699422,-0.5549132947976878,-0.1791907514450867,-0.5375722543352601,0.028901734104046242,-0.6763005780346821,-0.023121387283236993,-0.8034682080924855,-0.046242774566473986,-0.5202312138728323,-0.005780346820809248,-0.5202312138728323,0.21965317919075145,-0.6358381502890174,0.16184971098265896,-0.7225433526011561,0.12138728323699421,-0.5375722543352601,0.15606936416184972,-0.5144508670520231
6,0.0,0.0,-0.3409090909090909,-0.09090909090909091,-0.5625,-0.4375,-0.6136363636363636,-0.7727272727272727,-0.6363636363636364,-1.0,-0.4147727272727273,-0.6931818181818182,-0.44886363636363635,-0.8636363636363636,-0.3977272727272727,-0.5852272727272727,-0.3522727272727273,-0.5,-0.19318181818181818,-0.7045454545454546,-0.23863636363636365,-0.8693181818181818,-0.22727272727272727,-0.5511363636363636,-0.1875,-0.5170454545454546,0.011363636363636364,-0.6704545454545454,-0.03409090909090909,-0.7954545454545454,-0.056818181818181816,-0.5056818181818182,-0.022727272727272728,-0.48295454545454547,0.21022727272727273,-0.625,0.1590909090909091,-0.7045454545454546,0.11363636363636363,-0.5113636363636364,0.13636363636363635,-0.4715909090909091
6,0.0,0.0,-0.37583892617449666,-0.08053691275167785,-0.610738255033557,-0.4228187919463087,-0.6711409395973155,-0.7651006711409396,-0.7046979865771812,-1.0,-0.44966442953020136,-0.6711409395973155,-0.5033557046979866,-0.87248322147651,-0.4563758389261745,-0.610738255033557,-0.40268456375838924,-0.5167785234899329,-0.2214765100671141,-0.697986577181208,-0.30201342281879195,-0.8993288590604027,-0.28187919463087246,-0.5906040268456376,-0.21476510067114093,-0.5369127516778524,-0.006711409395973154,-0.6778523489932886,-0.087248322147651,-0.8322147651006712,-0.09395973154362416,-0.5436241610738255,-0.04697986577181208,-0.4899328859060403,0.2080536912751678,-0.6510067114093959,0.11409395973154363,-0.7651006711409396,0.087248322147651,-0.5637583892617449,0.12080536912751678,-0.5033557046979866
6,0.0,0.0,-0.34507042253521125,-0.08450704225352113,-0.5774647887323944,-0.4225352112676056,-0.647887323943662,-0.7605633802816901,-0.676056338028169,-1.0,-0.4014084507042254,-0.676056338028169,-0.47183098591549294,-0.8802816901408451,-0.4225352112676056,-0.5985915492957746,-0.36619718309859156,-0.4788732394366197,-0.19014084507042253,-0.6901408450704225,-0.2746478873239437,-0.8873239436619719,-0.24647887323943662,-0.5704225352112676,-0.18309859154929578,-0.5211267605633803,0.02112676056338028,-0.6690140845070423,-0.06338028169014084,-0.8309859154929577,-0.06338028169014084,-0.5352112676056338,-0.007042253521126761,-0.49295774647887325,0.23943661971830985,-0.6338028169014085,0.15492957746478872,-0.7464788732394366,0.11971830985915492,-0.5492957746478874,0.1619718309859155,-0.5
6,0.0,0.0,-0.35,-0.07142857142857142,-0.6,-0.4142857142857143,-0.6642857142857143,-0.7571428571428571,-0.6928571428571428,-1.0,-0.42857142857142855,-0.6714285714285714,-0.4857142857142857,-0.8785714285714286,-0.4357142857142857,-0.6,-0.37857142857142856,-0.4714285714285714,-0.20714285714285716,-0.6928571428571428,-0.2785714285714286,-0.8857142857142857,-0.25,-0.5642857142857143,-0.2,-0.5142857142857142,0.007142857142857143,-0.6714285714285714,-0.06428571428571428,-0.8357142857142857,-0.06428571428571428,-0.5357142857142857,-0.02142857142857143,-0.4928571428571429,0.22857142857142856,-0.6357142857142857,0.15,-0.7428571428571429,0.12142857142857143,-0.5428571428571428,0.15714285714285714,-0.4928571428571429
6,0.0,0.0,-0.34285714285714286,-0.07142857142857142,-0.5857142857142857,-0.4142857142857143,-0.6571428571428571,-0.7571428571428571,-0.6857142857142857,-1.0,-0.4142857142857143,-0.6785714285714286,-0.4785714285714286,-0.8785714285714286,-0.42857142857142855,-0.5928571428571429,-0.37142857142857144,-0.4714285714285714,-0.19285714285714287,-0.6928571428571428,-0.2714285714285714,-0.8928571428571429,-0.24285714285714285,-0.5642857142857143,-0.19285714285714287,-0.5071428571428571,0.02142857142857143,-0.6714285714285714,-0.05714285714285714,-0.8357142857142857,-0.06428571428571428,-0.5285714285714286,-0.014285714285714285,-0.4857142857142857,0.24285714285714285,-0.6357142857142857,0.15714285714285714,-0.7428571428571429,0.12857142857142856,-0.5428571428571428,0.16428571428571428,-0.4928571428571429
6,0.0,0.0,-0.35,-0.07142857142857142,-0.5928571428571429,-0.4142857142857143,-0.6571428571428571,-0.7571428571428571,-0.6857142857142857,-1.0,-0.42142857142857143,-0.6714285714285714,-0.4785714285714286,-0.8785714285714286,-0.42857142857142855,-0.6,-0.37142857142857144,-0.4785714285714286,-0.2,-0.6928571428571428,-0.2714285714285714,-0.8928571428571429,-0.25,-0.5642857142857143,-0.19285714285714287,-0.5142857142857142,0.014285714285714285,-0.6714285714285714,-0.05714285714285714,-0.8357142857142857,-0.06428571428571428,-0.5285714285714286,-0.014285714285714285,-0.4928571428571429,0.2357142857142857,-0.6357142857142857,0.15714285714285714,-0.7428571428571429,0.12857142857142856,-0.5428571428571428,0.16428571428571428,-0.4928571428571429
6,0.0,0.0,-0.34965034965034963,-0.08391608391608392,-0.5804195804195804,-0.42657342657342656,-0.6363636363636364,-0.7622377622377622,-0.6643356643356644,-1.0,-0.4125874125874126,-0.6783216783216783,-0.46853146853146854,-0.8671328671328671,-0.4125874125874126,-0.5874125874125874,-0.36363636363636365,-0.5104895104895105,-0.1888111888111888,-0.6923076923076923,-0.26573426573426573,-0.8811188811188811,-0.24475524475524477,-0.5664335664335665,-0.1958041958041958,-0.5314685314685315,0.02097902097902098,-0.6713286713286714,-0.055944055944055944,-0.8321678321678322,-0.06293706293706294,-0.5384615384615384,-0.006993006993006993,-0.5104895104895105,0.23076923076923078,-0.6363636363636364,0.14685314685314685,-0.7412587412587412,0.11188811188811189,-0.5454545454545454,0.15384615384615385,-0.5034965034965035
6,0.0,0.0,-0.3546099290780142,-0.07092198581560284,-0.5957446808510638,-0.41843971631205673,-0.6595744680851063,-0.7659574468085106,-0.6808510638297872,-1.0,-0.425531914893617,-0.6737588652482269,-0.48226950354609927,-0.8794326241134752,-0.425531914893617,-0.5957446808510638,-0.375886524822695,-0.49645390070921985,-0.19858156028368795,-0.6950354609929078,-0.2695035460992908,-0.8865248226950354,-0.24822695035460993,-0.5602836879432624,-0.19858156028368795,-0.524822695035461,0.014184397163120567,-0.6737588652482269,-0.06382978723404255,-0.8368794326241135,-0.06382978723404255,-0.5390070921985816,-0.014184397163120567,-0.5035460992907801,0.22695035460992907,-0.6453900709219859,0.14184397163120568,-0.75177304964539,0.11347517730496454,-0.5531914893617021,0.15602836879432624,-0.5035460992907801
6,0.0,0.0,-0.34507042253521125,-0.07042253521126761,-0.5845070422535211,-0.4154929577464789,-0.6408450704225352,-0.7605633802816901,-0.6690140845070423,-1.0,-0.4154929577464789,-0.6690140845070423,-0.47183098591549294,-0.8732394366197183,-0.4154929577464789,-0.5915492957746479,-0.36619718309859156,-0.5,-0.19718309859154928,-0.6901408450704225,-0.2676056338028169,-0.8873239436619719,-0.24647887323943662,-0.5633802816901409,-0.19718309859154928,-0.5211267605633803,0.014084507042253521,-0.6690140845070423,-0.056338028169014086,-0.8309859154929577,-0.06338028169014084,-0.5352112676056338,-0.014084507042253521,-0.5,0.2323943661971831,-0.6338028169014085,0.14788732394366197,-0.7394366197183099,0.11267605633802817,-0.5422535211267606,0.15492957746478872,-0.5
6,0.0,0.0,-0.3333333333333333,-0.09929078014184398,-0.5602836879432624,-0.4397163120567376,-0.624113475177305,-0.7659574468085106,-0.6524822695035462,-1.0,-0.3900709219858156,-0.7021276595744681,-0.46099290780141844,-0.8936170212765957,-0.40425531914893614,-0.6170212765957447,-0.3404255319148936,-0.49645390070921985,-0.1702127659574468,-0.723404255319149,-0.2553191489361702,-0.9148936170212766,-0.22695035460992907,-0.5957446808510638,-0.1702127659574468,-0.5319148936170213,0.03546099290780142,-0.7021276595744681,-0.0425531914893617,-0.8581560283687943,-0.0425531914893617,-0.5673758865248227,0.0070921985815602835,-0.5177304964539007,0.24822695035460993,-0.6595744680851063,0.1702127659574468,-0.7659574468085106,0.1347517730496454,-0.574468085106383,0.1702127659574468,-0.524822695035461
6,0.0,0.0,-0.3380281690140845,-0.09859154929577464,-0.5704225352112676,-0.43661971830985913,-0.6408450704225352,-0.7676056338028169,-0.6619718309859155,-1.0,-0.4014084507042254,-0.6971830985915493,-0.4647887323943662,-0.8873239436619719,-0.4014084507042254,-0.6126760563380281,-0.34507042253521125,-0.5,-0.18309859154929578,-0.7183098591549296,-0.2605633802816901,-0.9014084507042254,-0.2323943661971831,-0.5915492957746479,-0.176056338028169,-0.5422535211267606,0.028169014084507043,-0.6971830985915493,-0.04929577464788732,-0.8450704225352113,-0.04929577464788732,-0.5563380281690141,0.0,-0.5211267605633803,0.23943661971830985,-0.6619718309859155,0.1619718309859155,-0.7535211267605634,0.1267605633802817,-0.5704225352112676,0.16901408450704225,-0.5352112676056338
6,0.0,0.0,-0.34507042253521125,-0.1056338028169014,-0.5633802816901409,-0.43661971830985913,-0.6197183098591549,-0.7676056338028169,-0.6549295774647887,-1.0,-0.4014084507042254,-0.6830985915492958,-0.4507042253521127,-0.8873239436619719,-0.4014084507042254,-0.6056338028169014,-0.3591549295774648,-0.5,-0.18309859154929578,-0.6971830985915493,-0.2535211267605634,-0.8873239436619719,-0.2323943661971831,-0.5774647887323944,-0.18309859154929578,-0.5352112676056338,0.028169014084507043,-0.6690140845070423,-0.04225352112676056,-0.8380281690140845,-0.056338028169014086,-0.5492957746478874,-0.007042253521126761,-0.5140845070422535,0.23943661971830985,-0.6338028169014085,0.1619718309859155,-0.7464788732394366,0.1267605633802817,-0.5563380281690141,0.16901408450704225,-0.5140845070422535
6,0.0,0.0,-0.35,-0.07142857142857142,-0.5785714285714286,-0.42142857142857143,-0.6428571428571429,-0.7571428571428571,-0.6785714285714286,-1.0,-0.4142857142857143,-0.6785714285714286,-0.4714285714285714,-0.8928571428571429,-0.42142857142857143,-0.6142857142857143,-0.36428571428571427,-0.4928571428571429,-0.19285714285714287,-0.6928571428571428,-0.2642857142857143,-0.9071428571428571,-0.24285714285714285,-0.5785714285714286,-0.19285714285714287,-0.5214285714285715,0.014285714285714285,-0.6714285714285714,-0.05714285714285714,-0.8428571428571429,-0.06428571428571428,-0.5428571428571428,-0.02142857142857143,-0.4857142857142857,0.22857142857142856,-0.6285714285714286,0.15,-0.75,0.11428571428571428,-0.55,0.15,-0.4928571428571429
6,0.0,0.0,-0.35555555555555557,-0.07407407407407407,-0.5925925925925926,-0.4148148148148148,-0.6518518518518519,-0.762962962962963,-0.674074074074074,-1.0,-0.4222222222222222,-0.674074074074074,-0.4740740740740741,-0.8814814814814815,-0.4222222222222222,-0.6074074074074074,-0.37777777777777777,-0.5111111111111111,-0.2074074074074074,-0.6888888888888889,-0.26666666666666666,-0.8962962962962963,-0.2518518518518518,-0.5703703703703704,-0.2074074074074074,-0.5333333333333333,0.0,-0.6666666666666666,-0.05185185185185185,-0.837037037037037,-0.06666666666666667,-0.5407407407407407,-0.02962962962962963,-0.5037037037037037,0.2074074074074074,-0.6296296296296297,0.14814814814814814,-0.7481481481481481,0.11851851851851852,-0.5407407407407407,0.14814814814814814,-0.4962962962962963
6,0.0,0.0,-0.3609022556390977,-0.09774436090225563,-0.5864661654135338,-0.43609022556390975,-0.6466165413533834,-0.7669172932330827,-0.6616541353383458,-1.0,-0.40601503759398494,-0.6842105263157895,-0.46616541353383456,-0.8947368421052632,-0.40601503759398494,-0.6090225563909775,-0.3533834586466165,-0.5112781954887218,-0.18796992481203006,-0.6992481203007519,-0.2631578947368421,-0.9097744360902256,-0.23308270676691728,-0.5864661654135338,-0.18045112781954886,-0.5338345864661654,0.015037593984962405,-0.6691729323308271,-0.05263157894736842,-0.8421052631578947,-0.05263157894736842,-0.5413533834586466,-0.007518796992481203,-0.5037593984962406,0.22556390977443608,-0.631578947368421,0.15037593984962405,-0.7593984962406015,0.12030075187969924,-0.556390977443609,0.15789473684210525,-0.5112781954887218
6,0.0,0.0,-0.34328358208955223,-0.11194029850746269,-0.5671641791044776,-0.44776119402985076,-0.6268656716417911,-0.7686567164179104,-0.6492537313432836,-1.0,-0.40298507462686567,-0.6940298507462687,-0.4552238805970149,-0.8955223880597015,-0.40298507462686567,-0.6268656716417911,-0.35074626865671643,-0.5149253731343284,-0.19402985074626866,-0.7014925373134329,-0.2462686567164179,-0.9029850746268657,-0.22388059701492538,-0.5970149253731343,-0.1865671641791045,-0.5373134328358209,0.007462686567164179,-0.6791044776119403,-0.03731343283582089,-0.8507462686567164,-0.05223880597014925,-0.5671641791044776,-0.022388059701492536,-0.5149253731343284,0.21641791044776118,-0.6343283582089553,0.15671641791044777,-0.7611940298507462,0.12686567164179105,-0.5746268656716418,0.14925373134328357,-0.5074626865671642
6,0.0,0.0,0.3253968253968254,-0.15873015873015872,0.5317460317460317,-0.48412698412698413,0.5793650793650794,-0.7619047619047619,0.5634920634920635,-1.0,0.35714285714285715,-0.6984126984126984,0.4365079365079365,-0.8888888888888888,0.42857142857142855,-0.6666666666666666,0.3888888888888889,-0.5,0.15873015873015872,-0.6984126984126984,0.25396825396825395,-0.873015873015873,0.24603174603174602,-0.5952380952380952,0.20634920634920634,-0.42857142857142855,-0.05555555555555555,-0.6666666666666666,0.047619047619047616,-0.8492063492063492,0.07142857142857142,-0.5714285714285714,0.05555555555555555,-0.3888888888888889,-0.2777777777777778,-0.6111111111111112,-0.15873015873015872,-0.7857142857142857,-0.10317460317460317,-0.5873015873015873,-0.10317460317460317,-0.4365079365079365
6,0.0,0.0,0.3548387096774194,-0.13709677419354838,0.5887096774193549,-0.4596774193548387,0.6290322580645161,-0.7580645161290323,0.6370967741935484,-1.0,0.4274193548387097,-0.6935483870967742,0.5080645161290323,-0.8629032258064516,0.47580645161290325,-0.6451612903225806,0.4274193548387097,-0.47580645161290325,0.21774193548387097,-0.7016129032258065,0.29838709677419356,-0.8790322580645161,0.28225806451612906,-0.6048387096774194,0.25,-0.4435483870967742,0.0,-0.6854838709677419,0.08064516129032258,-0.8548387096774194,0.10483870967741936,-0.5645161290322581,0.0967741935483871,-0.3870967741935484,-0.22580645161290322,-0.6451612903225806,-0.12096774193548387,-0.8064516129032258,-0.07258064516129033,-0.6129032258064516,-0.07258064516129033,-0.47580645161290325
6,0.0,0.0,0.3384615384615385,-0.14615384615384616,0.5692307692307692,-0.46923076923076923,0.6153846153846154,-0.7615384615384615,0.6230769230769231,-1.0,0.4153846153846154,-0.7076923076923077,0.49230769230769234,-0.8923076923076924,0.46153846153846156,-0.6615384615384615,0.4076923076923077,-0.49230769230769234,0.2,-0.7230769230769231,0.2923076923076923,-0.8846153846153846,0.2692307692307692,-0.6,0.23076923076923078,-0.4307692307692308,-0.015384615384615385,-0.7,0.06923076923076923,-0.8692307692307693,0.09230769230769231,-0.5769230769230769,0.07692307692307693,-0.4,-0.25384615384615383,-0.6538461538461539,-0.13846153846153847,-0.823076923076923,-0.09230769230769231,-0.6230769230769231,-0.1,-0.4846153846153846
6,0.0,0.0,0.3435114503816794,-0.13740458015267176,0.6030534351145038,-0.4580152671755725,0.6717557251908397,-0.7480916030534351,0.6793893129770993,-1.0,0.4351145038167939,-0.7251908396946565,0.5267175572519084,-0.9007633587786259,0.4961832061068702,-0.6641221374045801,0.45038167938931295,-0.4961832061068702,0.21374045801526717,-0.7404580152671756,0.32061068702290074,-0.8931297709923665,0.29770992366412213,-0.5954198473282443,0.24427480916030533,-0.4351145038167939,-0.015267175572519083,-0.7251908396946565,0.09923664122137404,-0.8931297709923665,0.10687022900763359,-0.5801526717557252,0.06870229007633588,-0.40458015267175573,-0.2595419847328244,-0.6870229007633588,-0.1297709923664122,-0.8549618320610687,-0.08396946564885496,-0.6412213740458015,-0.10687022900763359,-0.4961832061068702
6,0.0,0.0,0.3333333333333333,-0.1276595744680851,0.574468085106383,-0.46808510638297873,0.6524822695035462,-0.7588652482269503,0.6524822695035462,-1.0,0.4326241134751773,-0.7446808510638298,0.524822695035461,-0.9219858156028369,0.48936170212765956,-0.6808510638297872,0.4326241134751773,-0.5106382978723404,0.2127659574468085,-0.7588652482269503,0.3191489361702128,-0.900709219858156,0.28368794326241137,-0.6028368794326241,0.22695035460992907,-0.4397163120567376,-0.02127659574468085,-0.7375886524822695,0.09219858156028368,-0.8865248226950354,0.0851063829787234,-0.5815602836879432,0.04964539007092199,-0.41134751773049644,-0.2695035460992908,-0.6950354609929078,-0.14184397163120568,-0.8439716312056738,-0.10638297872340426,-0.6312056737588653,-0.1276595744680851,-0.5106382978723404
6,0.0,0.0,0.33774834437086093,-0.09933774834437085,0.6026490066225165,-0.4304635761589404,0.6821192052980133,-0.7483443708609272,0.6821192052980133,-1.0,0.45695364238410596,-0.6754966887417219,0.543046357615894,-0.8807947019867549,0.5033112582781457,-0.6357615894039735,0.4503311258278146,-0.4768211920529801,0.25165562913907286,-0.695364238410596,0.33774834437086093,-0.8741721854304636,0.31125827814569534,-0.5761589403973509,0.26490066225165565,-0.423841059602649,0.026490066225165563,-0.6887417218543046,0.11258278145695365,-0.8807947019867549,0.11920529801324503,-0.5629139072847682,0.09271523178807947,-0.3841059602649007,-0.2119205298013245,-0.6490066225165563,-0.11258278145695365,-0.8145695364238411,-0.06622516556291391,-0.6026490066225165,-0.07947019867549669,-0.46357615894039733
6,0.0,0.0,0.3227848101265823,-0.10126582278481013,0.5949367088607594,-0.43037974683544306,0.689873417721519,-0.740506329113924,0.689873417721519,-1.0,0.4430379746835443,-0.7025316455696202,0.5379746835443038,-0.8860759493670886,0.4873417721518987,-0.6329113924050633,0.4240506329113924,-0.47468354430379744,0.22784810126582278,-0.7341772151898734,0.3291139240506329,-0.8860759493670886,0.2911392405063291,-0.5822784810126582,0.23417721518987342,-0.4240506329113924,0.0,-0.7278481012658228,0.0949367088607595,-0.9050632911392406,0.10126582278481013,-0.5759493670886076,0.0759493670886076,-0.3987341772151899,-0.23417721518987342,-0.689873417721519,-0.13291139240506328,-0.8481012658227848,-0.08860759493670886,-0.620253164556962,-0.08227848101265822,-0.47468354430379744
6,0.0,0.0,0.32335329341317365,-0.059880239520958084,0.6167664670658682,-0.40119760479041916,0.7245508982035929,-0.7245508982035929,0.7425149700598802,-1.0,0.47904191616766467,-0.7245508982035929,0.5688622754491018,-0.8862275449101796,0.5089820359281437,-0.6227544910179641,0.4491017964071856,-0.4550898203592814,0.25149700598802394,-0.7604790419161677,0.3413173652694611,-0.8982035928143712,0.31137724550898205,-0.5688622754491018,0.25748502994011974,-0.40718562874251496,0.023952095808383235,-0.7544910179640718,0.09580838323353294,-0.9041916167664671,0.11377245508982035,-0.562874251497006,0.08982035928143713,-0.3772455089820359,-0.20359281437125748,-0.718562874251497,-0.11976047904191617,-0.8502994011976048,-0.0718562874251497,-0.6107784431137725,-0.07784431137724551,-0.4550898203592814
6,0.0,0.0,0.36129032258064514,-0.1032258064516129,0.6387096774193548,-0.432258064516129,0.7354838709677419,-0.7419354838709677,0.7677419354838709,-1.0,0.49032258064516127,-0.6903225806451613,0.5935483870967742,-0.8774193548387097,0.5548387096774193,-0.6129032258064516,0.4967741935483871,-0.4774193548387097,0.2645161290322581,-0.7290322580645161,0.38064516129032255,-0.8709677419354839,0.34838709677419355,-0.5548387096774193,0.27741935483870966,-0.43870967741935485,0.03870967741935484,-0.7290322580645161,0.14838709677419354,-0.8774193548387097,0.14838709677419354,-0.5483870967741935,0.10967741935483871,-0.4129032258064516,-0.21935483870967742,-0.7096774193548387,-0.09032258064516129,-0.8516129032258064,-0.05161290322580645,-0.6193548387096774,-0.07741935483870968,-0.5032258064516129
6,0.0,0.0,0.35507246376811596,-0.13768115942028986,0.6304347826086957,-0.45652173913043476,0.717391304347826,-0.7463768115942029,0.7391304347826086,-1.0,0.4492753623188406,-0.7391304347826086,0.5652173913043478,-0.8913043478260869,0.5362318840579711,-0.6376811594202898,0.4855072463768116,-0.4855072463768116,0.2318840579710145,-0.7536231884057971,0.3695652173913043,-0.8840579710144928,0.3333333333333333,-0.572463768115942,0.26811594202898553,-0.43478260869565216,0.007246376811594203,-0.7391304347826086,0.14492753623188406,-0.8768115942028986,0.13768115942028986,-0.5579710144927537,0.08695652173913043,-0.4057971014492754,-0.2536231884057971,-0.7028985507246377,-0.08695652173913043,-0.8405797101449275,-0.043478260869565216,-0.6159420289855072,-0.07971014492753623,-0.4855072463768116
6,0.0,0.0,0.36363636363636365,-0.11570247933884298,0.6528925619834711,-0.4380165289256198,0.7355371900826446,-0.743801652892562,0.768595041322314,-1.0,0.4793388429752066,-0.7272727272727273,0.5950413223140496,-0.9090909090909091,0.5537190082644629,-0.6611570247933884,0.48760330578512395,-0.48760330578512395,0.256198347107438,-0.7520661157024794,0.3884297520661157,-0.9173553719008265,0.33884297520661155,-0.5950413223140496,0.2727272727272727,-0.4380165289256198,0.01652892561983471,-0.743801652892562,0.1487603305785124,-0.9008264462809917,0.1487603305785124,-0.5702479338842975,0.09917355371900827,-0.4049586776859504,-0.24793388429752067,-0.7024793388429752,-0.09917355371900827,-0.859504132231405,-0.049586776859504134,-0.628099173553719,-0.0743801652892562,-0.49586776859504134
6,0.0,0.0,0.3652173913043478,-0.12173913043478261,0.6434782608695652,-0.4434782608695652,0.7217391304347827,-0.7478260869565218,0.7391304347826086,-1.0,0.4782608695652174,-0.7043478260869566,0.591304347826087,-0.9043478260869565,0.5565217391304348,-0.6608695652173913,0.4956521739130435,-0.4956521739130435,0.25217391304347825,-0.7304347826086957,0.3739130434782609,-0.8956521739130435,0.34782608695652173,-0.591304347826087,0.28695652173913044,-0.43478260869565216,0.017391304347826087,-0.7217391304347827,0.14782608695652175,-0.8956521739130435,0.1565217391304348,-0.5739130434782609,0.11304347826086956,-0.391304347826087,-0.24347826086956523,-0.6869565217391305,-0.09565217391304348,-0.8434782608695652,-0.043478260869565216,-0.6173913043478261,-0.06086956521739131,-0.46956521739130436
7,0.0,0.0,-0.17006802721088435,0.0,-0.272108843537415,-0.1360544217687075,-0.19047619047619047,-0.30952380952380953,-0.047619047619047616,-0.3877551020408163,-0.29931972789115646,-0.4217687074829932,-0.30952380952380953,-0.6530612244897959,-0.29931972789115646,-0.7925170068027211,-0.2789115646258503,-0.9217687074829932,-0.17687074829931973,-0.4557823129251701,-0.19387755102040816,-0.7108843537414966,-0.1870748299319728,-0.8605442176870748,-0.1836734693877551,-1.0,-0.05102040816326531,-0.43537414965986393,-0.06802721088435375,-0.673469387755102,-0.07482993197278912,-0.8197278911564626,-0.09183673469387756,-0.95578231292517,0.08503401360544217,-0.3707482993197279,0.06462585034013606,-0.5612244897959183,0.047619047619047616,-0.6836734693877551,0.023809523809523808,-0.7925170068027211
7,0.0,0.0,-0.1523809523809524,-0.04126984126984127,-0.24126984126984127,-0.2126984126984127,-0.15873015873015872,-0.36507936507936506,-0.025396825396825397,-0.4253968253968254,-0.2507936507936508,-0.4634920634920635,-0.26031746031746034,-0.6761904761904762,-0.24761904761904763,-0.8031746031746032,-0.22857142857142856,-0.9206349206349206,-0.1365079365079365,-0.49523809523809526,-0.1492063492063492,-0.7301587301587301,-0.14285714285714285,-0.8698412698412699,-0.14285714285714285,-1.0,-0.022222222222222223,-0.47619047619047616,-0.03492063492063492,-0.7015873015873015,-0.044444444444444446,-0.8380952380952381,-0.05714285714285714,-0.9650793650793651,0.09841269841269841,-0.41904761904761906,0.08253968253968254,-0.6,0.07301587301587302,-0.7111111111111111,0.05714285714285714,-0.8126984126984127
7,0.0,0.0,-0.14285714285714285,-0.09523809523809523,-0.21904761904761905,-0.27936507936507937,-0.1365079365079365,-0.4380952380952381,-0.009523809523809525,-0.4888888888888889,-0.22857142857142856,-0.5142857142857142,-0.23174603174603176,-0.707936507936508,-0.2222222222222222,-0.8253968253968254,-0.20317460317460317,-0.9301587301587302,-0.12380952380952381,-0.5428571428571428,-0.13333333333333333,-0.7555555555555555,-0.13015873015873017,-0.8825396825396825,-0.13015873015873017,-1.0,-0.015873015873015872,-0.5238095238095238,-0.02857142857142857,-0.7238095238095238,-0.0380952380952381,-0.8444444444444444,-0.050793650793650794,-0.9587301587301588,0.08888888888888889,-0.4666666666666667,0.0761904761904762,-0.6317460317460317,0.06666666666666667,-0.7301587301587301,0.05714285714285714,-0.819047619047619
7,0.0,0.0,-0.14576271186440679,-0.1016949152542373,-0.2135593220338983,-0.29152542372881357,-0.12542372881355932,-0.4440677966101695,-0.006779661016949152,-0.49491525423728816,-0.21694915254237288,-0.5254237288135594,-0.21694915254237288,-0.711864406779661,-0.2,-0.8271186440677966,-0.17966101694915254,-0.9322033898305084,-0.11186440677966102,-0.5491525423728814,-0.11864406779661017,-0.7593220338983051,-0.1152542372881356,-0.8847457627118644,-0.11186440677966102,-1.0,-0.010169491525423728,-0.5288135593220339,-0.020338983050847456,-0.7254237288135593,-0.023728813559322035,-0.847457627118644,-0.03389830508474576,-0.9593220338983051,0.09491525423728814,-0.46779661016949153,0.08135593220338982,-0.6305084745762712,0.0711864406779661,-0.7254237288135593,0.0576271186440678,-0.8101694915254237
7,0.0,0.0,-0.14963503649635038,-0.10218978102189781,-0.22627737226277372,-0.2846715328467153,-0.1386861313868613,-0.43795620437956206,-0.0072992700729927005,-0.48905109489051096,-0.22992700729927007,-0.5255474452554745,-0.22627737226277372,-0.718978102189781,-0.2116788321167883,-0.8357664233576643,-0.1897810218978102,-0.9416058394160584,-0.12043795620437957,-0.5474452554744526,-0.12773722627737227,-0.7627737226277372,-0.11678832116788321,-0.8868613138686131,-0.11313868613138686,-1.0,-0.01824817518248175,-0.5291970802919708,-0.025547445255474453,-0.7299270072992701,-0.029197080291970802,-0.8503649635036497,-0.040145985401459854,-0.9598540145985401,0.08759124087591241,-0.46715328467153283,0.07664233576642336,-0.6313868613138686,0.06934306569343066,-0.7262773722627737,0.06204379562043796,-0.8138686131386861
7,0.0,0.0,-0.15384615384615385,-0.09615384615384616,-0.22692307692307692,-0.28846153846153844,-0.13846153846153847,-0.4423076923076923,-0.015384615384615385,-0.49230769230769234,-0.2230769230769231,-0.5192307692307693,-0.21923076923076923,-0.7115384615384616,-0.2076923076923077,-0.8269230769230769,-0.18461538461538463,-0.9346153846153846,-0.11538461538461539,-0.5423076923076923,-0.12307692307692308,-0.7538461538461538,-0.11538461538461539,-0.8846153846153846,-0.11153846153846154,-1.0,-0.011538461538461539,-0.5230769230769231,-0.019230769230769232,-0.7230769230769231,-0.023076923076923078,-0.8461538461538461,-0.03076923076923077,-0.9615384615384616,0.09615384615384616,-0.46153846153846156,0.08461538461538462,-0.6269230769230769,0.07692307692307693,-0.7269230769230769,0.06923076923076923,-0.8192307692307692
7,0.0,0.0,-0.1484375,-0.1015625,-0.21875,-0.2890625,-0.125,-0.4375,-0.0078125,-0.4921875,-0.21875,-0.5234375,-0.21484375,-0.71484375,-0.19921875,-0.83203125,-0.1796875,-0.9375,-0.109375,-0.546875,-0.11328125,-0.7578125,-0.109375,-0.88671875,-0.10546875,-1.0,-0.0078125,-0.5234375,-0.015625,-0.72265625,-0.01953125,-0.83984375,-0.03125,-0.953125,0.09765625,-0.46484375,0.08984375,-0.62109375,0.078125,-0.71875,0.06640625,-0.8046875
7,0.0,0.0,-0.15139442231075698,-0.099601593625498,-0.22709163346613545,-0.2908366533864542,-0.13545816733067728,-0.44621513944223107,-0.01593625498007968,-0.4940239043824701,-0.2350597609561753,-0.5179282868525896,-0.23107569721115537,-0.7131474103585658,-0.2151394422310757,-0.8286852589641435,-0.19123505976095617,-0.9322709163346613,-0.12749003984063745,-0.5418326693227091,-0.13147410358565736,-0.7569721115537849,-0.12350597609561753,-0.8844621513944223,-0.11553784860557768,-1.0,-0.02390438247011952,-0.5258964143426295,-0.03187250996015936,-0.7250996015936255,-0.0398406374501992,-0.8446215139442231,-0.04780876494023904,-0.952191235059761,0.08366533864541832,-0.4701195219123506,0.07171314741035857,-0.6294820717131474,0.06374501992031872,-0.7290836653386454,0.055776892430278883,-0.8167330677290837
7,0.0,0.0,-0.15447154471544716,-0.10569105691056911,-0.21951219512195122,-0.2967479674796748,-0.12195121951219512,-0.45121951219512196,0.0,-0.4959349593495935,-0.22764227642276422,-0.5203252032520326,-0.22357723577235772,-0.7113821138211383,-0.2073170731707317,-0.8292682926829268,-0.18292682926829268,-0.9349593495934959,-0.11788617886178862,-0.5487804878048781,-0.12195121951219512,-0.7601626016260162,-0.11382113821138211,-0.8861788617886179,-0.10975609756097561,-1.0,-0.012195121951219513,-0.5284552845528455,-0.02032520325203252,-0.7276422764227642,-0.024390243902439025,-0.8495934959349594,-0.036585365853658534,-0.959349593495935,0.09349593495934959,-0.4715447154471545,0.08536585365853659,-0.6341463414634146,0.07723577235772358,-0.7317073170731707,0.06097560975609756,-0.8170731707317073
7,0.0,0.0,-0.15261044176706828,-0.10843373493975904,-0.21686746987951808,-0.30120481927710846,-0.12449799196787148,-0.46184738955823296,0.0,-0.5020080321285141,-0.22088353413654618,-0.5220883534136547,-0.21686746987951808,-0.714859437751004,-0.19678714859437751,-0.8313253012048193,-0.17269076305220885,-0.9357429718875502,-0.11244979919678715,-0.5461847389558233,-0.11646586345381527,-0.7590361445783133,-0.10843373493975904,-0.8875502008032129,-0.10040160642570281,-1.0,-0.008032128514056224,-0.5261044176706827,-0.01606425702811245,-0.7269076305220884,-0.01606425702811245,-0.8473895582329317,-0.020080321285140562,-0.9558232931726908,0.0963855421686747,-0.46987951807228917,0.09236947791164658,-0.6305220883534136,0.08835341365461848,-0.7269076305220884,0.08032128514056225,-0.8112449799196787
7,0.0,0.0,-0.14785992217898833,-0.10116731517509728,-0.2140077821011673,-0.29571984435797666,-0.1245136186770428,-0.45525291828793774,-0.007782101167315175,-0.49416342412451364,-0.2178988326848249,-0.5214007782101168,-0.21011673151750973,-0.7120622568093385,-0.19066147859922178,-0.8249027237354085,-0.16731517509727625,-0.9299610894941635,-0.11284046692607004,-0.5486381322957199,-0.11284046692607004,-0.7587548638132295,-0.10116731517509728,-0.8832684824902723,-0.09727626459143969,-1.0,-0.007782101167315175,-0.5252918287937743,-0.011673151750972763,-0.7237354085603113,-0.01556420233463035,-0.8443579766536965,-0.023346303501945526,-0.9571984435797666,0.09727626459143969,-0.4708171206225681,0.08949416342412451,-0.6303501945525292,0.08560311284046693,-0.7276264591439688,0.07782101167315175,-0.8171206225680934
7,0.0,0.0,-0.14615384615384616,-0.1076923076923077,-0.20384615384615384,-0.2923076923076923,-0.11153846153846154,-0.4423076923076923,0.0,-0.5,-0.21153846153846154,-0.5192307692307693,-0.21153846153846154,-0.7115384615384616,-0.19230769230769232,-0.8269230769230769,-0.17307692307692307,-0.9346153846153846,-0.10384615384615385,-0.5423076923076923,-0.11153846153846154,-0.7538461538461538,-0.10384615384615385,-0.8846153846153846,-0.1,-1.0,-0.0038461538461538464,-0.5230769230769231,-0.007692307692307693,-0.7230769230769231,-0.011538461538461539,-0.8461538461538461,-0.015384615384615385,-0.9615384615384616,0.10384615384615385,-0.4653846153846154,0.09615384615384616,-0.6307692307692307,0.08846153846153847,-0.7307692307692307,0.07692307692307693,-0.823076923076923
7,0.0,0.0,-0.1449814126394052,-0.09665427509293681,-0.20817843866171004,-0.2788104089219331,-0.12267657992565056,-0.4275092936802974,0.0,-0.4944237918215613,-0.21933085501858737,-0.516728624535316,-0.21561338289962825,-0.7100371747211895,-0.19330855018587362,-0.8252788104089219,-0.17100371747211895,-0.929368029739777,-0.11152416356877323,-0.5464684014869888,-0.11524163568773234,-0.758364312267658,-0.10408921933085502,-0.8810408921933085,-0.10037174721189591,-1.0,-0.011152416356877323,-0.5241635687732342,-0.01486988847583643,-0.724907063197026,-0.01486988847583643,-0.8438661710037175,-0.022304832713754646,-0.9591078066914498,0.09665427509293681,-0.4646840148698885,0.08921933085501858,-0.6282527881040892,0.08178438661710037,-0.7286245353159851,0.07063197026022305,-0.8178438661710037
7,0.0,0.0,0.16521739130434782,-0.09130434782608696,0.27391304347826084,-0.28695652173913044,0.2,-0.45652173913043476,0.06956521739130435,-0.5260869565217391,0.26521739130434785,-0.5,0.3130434782608696,-0.6956521739130435,0.3130434782608696,-0.8130434782608695,0.2956521739130435,-0.9173913043478261,0.16521739130434782,-0.5391304347826087,0.21739130434782608,-0.7565217391304347,0.23478260869565218,-0.8913043478260869,0.23043478260869565,-1.0,0.05652173913043478,-0.5347826086956522,0.10434782608695652,-0.7478260869565218,0.13478260869565217,-0.8826086956521739,0.14347826086956522,-1.0,-0.06086956521739131,-0.49130434782608695,-0.04782608695652174,-0.6521739130434783,-0.034782608695652174,-0.7608695652173914,-0.02608695652173913,-0.8565217391304348
7,0.0,0.0,0.16455696202531644,-0.08438818565400844,0.28270042194092826,-0.2869198312236287,0.20675105485232068,-0.459915611814346,0.0759493670886076,-0.5274261603375527,0.2742616033755274,-0.5021097046413502,0.32489451476793246,-0.6919831223628692,0.32489451476793246,-0.8185654008438819,0.31223628691983124,-0.9282700421940928,0.17721518987341772,-0.540084388185654,0.2320675105485232,-0.7510548523206751,0.25316455696202533,-0.8860759493670886,0.25738396624472576,-0.9957805907172996,0.0759493670886076,-0.5316455696202531,0.12236286919831224,-0.7468354430379747,0.1518987341772152,-0.8818565400843882,0.16877637130801687,-1.0,-0.04219409282700422,-0.4936708860759494,-0.02531645569620253,-0.6540084388185654,-0.008438818565400843,-0.7679324894514767,0.0,-0.869198312236287
7,0.0,0.0,0.1625,-0.0875,0.2791666666666667,-0.2791666666666667,0.20833333333333334,-0.45,0.07916666666666666,-0.525,0.2708333333333333,-0.5,0.31666666666666665,-0.6958333333333333,0.32083333333333336,-0.8208333333333333,0.3125,-0.9333333333333333,0.17083333333333334,-0.5416666666666666,0.22083333333333333,-0.7541666666666667,0.24166666666666667,-0.8916666666666667,0.24583333333333332,-1.0,0.07083333333333333,-0.5333333333333333,0.1125,-0.7458333333333333,0.14166666666666666,-0.8833333333333333,0.15833333333333333,-1.0,-0.04583333333333333,-0.49166666666666664,-0.025,-0.6541666666666667,-0.008333333333333333,-0.7625,0.0,-0.8625
7,0.0,0.0,0.17083333333333334,-0.1,0.275,-0.29583333333333334,0.2,-0.4583333333333333,0.075,-0.5208333333333334,0.2625,-0.5041666666666667,0.30416666666666664,-0.6916666666666667,0.30416666666666664,-0.8083333333333333,0.29583333333333334,-0.9125,0.1625,-0.5416666666666666,0.20416666666666666,-0.7541666666666667,0.225,-0.8833333333333333,0.22916666666666666,-0.9958333333333333,0.0625,-0.5333333333333333,0.1,-0.7458333333333333,0.125,-0.8833333333333333,0.14166666666666666,-1.0,-0.05,-0.49166666666666664,-0.025,-0.6458333333333334,-0.004166666666666667,-0.7541666666666667,0.0125,-0.8541666666666666
7,0.0,0.0,0.16597510373443983,-0.0954356846473029,0.27385892116182575,-0.2863070539419087,0.1991701244813278,-0.45228215767634855,0.07053941908713693,-0.5228215767634855,0.26556016597510373,-0.5062240663900415,0.3070539419087137,-0.6970954356846473,0.3029045643153527,-0.8174273858921162,0.2821576763485477,-0.921161825726141,0.16182572614107885,-0.5435684647302904,0.2074688796680498,-0.7593360995850622,0.22406639004149378,-0.8921161825726142,0.22406639004149378,-1.0,0.058091286307053944,-0.5352697095435685,0.0912863070539419,-0.7468879668049793,0.12033195020746888,-0.8755186721991701,0.12863070539419086,-0.991701244813278,-0.05394190871369295,-0.4896265560165975,-0.029045643153526972,-0.6514522821576764,-0.008298755186721992,-0.7593360995850622,0.008298755186721992,-0.8547717842323651
7,0.0,0.0,0.16535433070866143,-0.0984251968503937,0.2677165354330709,-0.29133858267716534,0.18110236220472442,-0.452755905511811,0.047244094488188976,-0.5078740157480315,0.24015748031496062,-0.5039370078740157,0.2755905511811024,-0.6889763779527559,0.27165354330708663,-0.8070866141732284,0.25984251968503935,-0.9094488188976378,0.1377952755905512,-0.5393700787401575,0.1732283464566929,-0.7559055118110236,0.1889763779527559,-0.889763779527559,0.19291338582677164,-1.0,0.03937007874015748,-0.5275590551181102,0.06299212598425197,-0.7401574803149606,0.09055118110236221,-0.8740157480314961,0.10236220472440945,-0.9881889763779528,-0.06692913385826772,-0.48031496062992124,-0.047244094488188976,-0.6417322834645669,-0.027559055118110236,-0.7480314960629921,-0.011811023622047244,-0.8464566929133859
7,0.0,0.0,0.15357142857142858,-0.10357142857142858,0.24642857142857144,-0.29642857142857143,0.15714285714285714,-0.45714285714285713,0.025,-0.5071428571428571,0.21785714285714286,-0.5071428571428571,0.2392857142857143,-0.7035714285714286,0.22857142857142856,-0.825,0.20714285714285716,-0.9321428571428572,0.11428571428571428,-0.5392857142857143,0.13214285714285715,-0.7535714285714286,0.1392857142857143,-0.8892857142857142,0.1357142857142857,-1.0,0.014285714285714285,-0.525,0.02857142857142857,-0.7321428571428571,0.04642857142857143,-0.8678571428571429,0.05357142857142857,-0.9821428571428571,-0.08928571428571429,-0.475,-0.07857142857142857,-0.6392857142857142,-0.06428571428571428,-0.7464285714285714,-0.05357142857142857,-0.8392857142857143
7,0.0,0.0,0.15719063545150502,-0.10367892976588629,0.25752508361204013,-0.3010033444816054,0.1705685618729097,-0.46153846153846156,0.033444816053511704,-0.5117056856187291,0.23076923076923078,-0.5117056856187291,0.2508361204013378,-0.7023411371237458,0.24414715719063546,-0.8160535117056856,0.23076923076923078,-0.9163879598662207,0.12709030100334448,-0.5451505016722408,0.14715719063545152,-0.7558528428093646,0.15719063545150502,-0.8896321070234113,0.15384615384615385,-1.0,0.033444816053511704,-0.5284280936454849,0.046822742474916385,-0.7324414715719063,0.06688963210702341,-0.862876254180602,0.07357859531772576,-0.9732441471571907,-0.07357859531772576,-0.47157190635451507,-0.06020066889632107,-0.6321070234113713,-0.043478260869565216,-0.7391304347826086,-0.033444816053511704,-0.8394648829431438
7,0.0,0.0,0.15170278637770898,-0.10526315789473684,0.25077399380804954,-0.29102167182662536,0.16408668730650156,-0.43653250773993807,0.02476780185758514,-0.47368421052631576,0.2260061919504644,-0.5139318885448917,0.24458204334365324,-0.7058823529411765,0.22910216718266255,-0.8204334365325078,0.20743034055727555,-0.9226006191950464,0.12074303405572756,-0.541795665634675,0.14241486068111456,-0.7523219814241486,0.14241486068111456,-0.8854489164086687,0.13622291021671826,-1.0,0.021671826625386997,-0.5232198142414861,0.03715170278637771,-0.7275541795665634,0.05263157894736842,-0.8544891640866873,0.05572755417956656,-0.9659442724458205,-0.08668730650154799,-0.47058823529411764,-0.07120743034055728,-0.6253869969040248,-0.05572755417956656,-0.7275541795665634,-0.04643962848297214,-0.8235294117647058
7,0.0,0.0,0.14516129032258066,-0.1064516129032258,0.22258064516129034,-0.29354838709677417,0.11935483870967742,-0.43548387096774194,-0.00967741935483871,-0.46774193548387094,0.1967741935483871,-0.5258064516129032,0.20967741935483872,-0.7161290322580646,0.1967741935483871,-0.8290322580645161,0.18064516129032257,-0.9290322580645162,0.08709677419354839,-0.5451612903225806,0.1,-0.7548387096774194,0.0967741935483871,-0.8870967741935484,0.08709677419354839,-1.0,-0.012903225806451613,-0.5225806451612903,-0.00967741935483871,-0.7290322580645161,-0.0032258064516129032,-0.8612903225806452,-0.0032258064516129032,-0.9741935483870968,-0.11935483870967742,-0.45806451612903226,-0.12258064516129032,-0.6161290322580645,-0.11935483870967742,-0.7225806451612903,-0.11612903225806452,-0.8225806451612904
7,0.0,0.0,0.15298507462686567,-0.08955223880597014,0.2462686567164179,-0.26865671641791045,0.16791044776119404,-0.417910447761194,0.041044776119402986,-0.47388059701492535,0.2537313432835821,-0.4925373134328358,0.2835820895522388,-0.6902985074626866,0.2798507462686567,-0.8097014925373134,0.26119402985074625,-0.917910447761194,0.14925373134328357,-0.5261194029850746,0.1791044776119403,-0.7425373134328358,0.1828358208955224,-0.8805970149253731,0.17537313432835822,-1.0,0.04477611940298507,-0.5074626865671642,0.06716417910447761,-0.7201492537313433,0.08208955223880597,-0.8582089552238806,0.08582089552238806,-0.9776119402985075,-0.06716417910447761,-0.458955223880597,-0.055970149253731345,-0.6194029850746269,-0.04477611940298507,-0.7276119402985075,-0.033582089552238806,-0.8208955223880597
7,0.0,0.0,0.1517509727626459,-0.08949416342412451,0.24124513618677043,-0.2723735408560311,0.14396887159533073,-0.4280155642023346,0.011673151750972763,-0.490272373540856,0.23735408560311283,-0.5058365758754864,0.2607003891050584,-0.7003891050583657,0.2490272373540856,-0.8171206225680934,0.22178988326848248,-0.9260700389105059,0.12840466926070038,-0.5330739299610895,0.1517509727626459,-0.7509727626459144,0.1517509727626459,-0.8871595330739299,0.14396887159533073,-1.0,0.023346303501945526,-0.5136186770428015,0.042801556420233464,-0.7237354085603113,0.058365758754863814,-0.8560311284046692,0.0622568093385214,-0.9727626459143969,-0.08949416342412451,-0.4591439688715953,-0.07782101167315175,-0.6147859922178989,-0.06614785992217899,-0.7198443579766537,-0.058365758754863814,-0.8249027237354085
7,0.0,0.0,0.15163934426229508,-0.0942622950819672,0.23770491803278687,-0.2786885245901639,0.1598360655737705,-0.4385245901639344,0.036885245901639344,-0.5040983606557377,0.23770491803278687,-0.5122950819672131,0.25,-0.7131147540983607,0.23770491803278687,-0.8278688524590164,0.21721311475409835,-0.9262295081967213,0.13114754098360656,-0.5409836065573771,0.14754098360655737,-0.7581967213114754,0.14754098360655737,-0.8934426229508197,0.13934426229508196,-1.0,0.03278688524590164,-0.5245901639344263,0.040983606557377046,-0.7295081967213115,0.05327868852459016,-0.860655737704918,0.04918032786885246,-0.9672131147540983,-0.07377049180327869,-0.4672131147540984,-0.06557377049180328,-0.6270491803278688,-0.05327868852459016,-0.7295081967213115,-0.045081967213114756,-0.8237704918032787
7,0.0,0.0,0.1469387755102041,-0.09387755102040816,0.22857142857142856,-0.2693877551020408,0.1510204081632653,-0.42448979591836733,0.02857142857142857,-0.49387755102040815,0.23673469387755103,-0.5020408163265306,0.24897959183673468,-0.6979591836734694,0.23673469387755103,-0.8204081632653061,0.2163265306122449,-0.9224489795918367,0.1306122448979592,-0.5346938775510204,0.14285714285714285,-0.7510204081632653,0.1469387755102041,-0.889795918367347,0.13877551020408163,-1.0,0.024489795918367346,-0.5183673469387755,0.036734693877551024,-0.726530612244898,0.04897959183673469,-0.8571428571428571,0.053061224489795916,-0.9714285714285714,-0.08571428571428572,-0.46530612244897956,-0.08163265306122448,-0.6163265306122448,-0.0653061224489796,-0.7183673469387755,-0.053061224489795916,-0.8040816326530612
7,0.0,0.0,0.1522633744855967,-0.102880658436214,0.23045267489711935,-0.2880658436213992,0.1440329218106996,-0.4444444444444444,0.0205761316872428,-0.5102880658436214,0.24691358024691357,-0.5020576131687243,0.26337448559670784,-0.7078189300411523,0.2551440329218107,-0.8271604938271605,0.23045267489711935,-0.934156378600823,0.13991769547325103,-0.5349794238683128,0.16049382716049382,-0.7530864197530864,0.1646090534979424,-0.8888888888888888,0.16049382716049382,-1.0,0.03292181069958848,-0.522633744855967,0.04938271604938271,-0.7283950617283951,0.06995884773662552,-0.8600823045267489,0.07818930041152264,-0.9753086419753086,-0.07818930041152264,-0.4732510288065844,-0.06995884773662552,-0.6337448559670782,-0.053497942386831275,-0.7325102880658436,-0.0411522633744856,-0.8271604938271605
7,0.0,0.0,0.14767932489451477,-0.08860759493670886,0.24472573839662448,-0.2616033755274262,0.16455696202531644,-0.42616033755274263,0.0379746835443038,-0.5021097046413502,0.26582278481012656,-0.4810126582278481,0.2911392405063291,-0.6835443037974683,0.2869198312236287,-0.8059071729957806,0.270042194092827,-0.9113924050632911,0.16033755274261605,-0.5232067510548524,0.18565400843881857,-0.7468354430379747,0.1940928270042194,-0.8860759493670886,0.19831223628691982,-1.0,0.05063291139240506,-0.5189873417721519,0.0759493670886076,-0.729957805907173,0.0970464135021097,-0.869198312236287,0.10970464135021098,-0.9831223628691983,-0.06329113924050633,-0.4767932489451477,-0.05485232067510549,-0.6286919831223629,-0.0379746835443038,-0.729957805907173,-0.029535864978902954,-0.8143459915611815
7,0.0,0.0,0.1574468085106383,-0.08936170212765958,0.24680851063829787,-0.26382978723404255,0.15319148936170213,-0.425531914893617,0.02553191489361702,-0.4978723404255319,0.2680851063829787,-0.4851063829787234,0.28936170212765955,-0.6851063829787234,0.28085106382978725,-0.8127659574468085,0.25957446808510637,-0.9191489361702128,0.1574468085106383,-0.5276595744680851,0.18723404255319148,-0.7489361702127659,0.19574468085106383,-0.8893617021276595,0.19148936170212766,-1.0,0.05106382978723404,-0.5191489361702127,0.07234042553191489,-0.7319148936170212,0.09361702127659574,-0.8723404255319149,0.10212765957446808,-0.9914893617021276,-0.06808510638297872,-0.4765957446808511,-0.05531914893617021,-0.6297872340425532,-0.0425531914893617,-0.7319148936170212,-0.03404255319148936,-0.825531914893617
7,0.0,0.0,0.148,-0.096,0.22,-0.276,0.12,-0.424,-0.012,-0.48,0.236,-0.496,0.248,-0.692,0.232,-0.82,0.208,-0.924,0.124,-0.528,0.14,-0.744,0.14,-0.884,0.136,-1.0,0.02,-0.512,0.028,-0.72,0.044,-0.856,0.048,-0.972,-0.084,-0.456,-0.076,-0.616,-0.068,-0.724,-0.06,-0.816
7,0.0,0.0,0.14634146341463414,-0.09349593495934959,0.23170731707317074,-0.2682926829268293,0.13414634146341464,-0.4268292682926829,0.0040650406504065045,-0.4959349593495935,0.25609756097560976,-0.4959349593495935,0.2682926829268293,-0.6910569105691057,0.25203252032520324,-0.8170731707317073,0.22764227642276422,-0.9227642276422764,0.14227642276422764,-0.5284552845528455,0.16260162601626016,-0.7439024390243902,0.16260162601626016,-0.8861788617886179,0.16260162601626016,-1.0,0.036585365853658534,-0.5121951219512195,0.04878048780487805,-0.7235772357723578,0.06097560975609756,-0.8577235772357723,0.06910569105691057,-0.9715447154471545,-0.07317073170731707,-0.4634146341463415,-0.06097560975609756,-0.6219512195121951,-0.052845528455284556,-0.7235772357723578,-0.04065040650406504,-0.8170731707317073
7,0.0,0.0,0.14285714285714285,-0.09126984126984126,0.2222222222222222,-0.26587301587301587,0.11507936507936507,-0.4166666666666667,-0.015873015873015872,-0.4801587301587302,0.23412698412698413,-0.49603174603174605,0.24603174603174602,-0.6904761904761905,0.23015873015873015,-0.8174603174603174,0.20634920634920634,-0.9285714285714286,0.12301587301587301,-0.5317460317460317,0.1349206349206349,-0.746031746031746,0.1388888888888889,-0.8849206349206349,0.13095238095238096,-1.0,0.01984126984126984,-0.5119047619047619,0.027777777777777776,-0.7182539682539683,0.03968253968253968,-0.8531746031746031,0.04365079365079365,-0.9761904761904762,-0.0873015873015873,-0.45634920634920634,-0.07936507936507936,-0.6150793650793651,-0.07142857142857142,-0.7222222222222222,-0.06349206349206349,-0.8214285714285714
7,0.0,0.0,0.14122137404580154,-0.08778625954198473,0.22519083969465647,-0.26717557251908397,0.12595419847328243,-0.4198473282442748,-0.003816793893129771,-0.4732824427480916,0.2366412213740458,-0.5,0.25190839694656486,-0.6908396946564885,0.2366412213740458,-0.8129770992366412,0.21755725190839695,-0.9198473282442748,0.12595419847328243,-0.5305343511450382,0.14122137404580154,-0.7480916030534351,0.14885496183206107,-0.8854961832061069,0.1450381679389313,-1.0,0.022900763358778626,-0.5152671755725191,0.030534351145038167,-0.7213740458015268,0.04580152671755725,-0.8549618320610687,0.05725190839694656,-0.9732824427480916,-0.08396946564885496,-0.4580152671755725,-0.07633587786259542,-0.6183206106870229,-0.0648854961832061,-0.7213740458015268,-0.05343511450381679,-0.816793893129771
7,0.0,0.0,0.13818181818181818,-0.09090909090909091,0.22181818181818183,-0.26545454545454544,0.11636363636363636,-0.4109090909090909,-0.014545454545454545,-0.4690909090909091,0.2290909090909091,-0.49818181818181817,0.24727272727272728,-0.6945454545454546,0.23272727272727273,-0.8145454545454546,0.20727272727272728,-0.9236363636363636,0.11636363636363636,-0.5309090909090909,0.13454545454545455,-0.7454545454545455,0.13818181818181818,-0.8836363636363637,0.13090909090909092,-1.0,0.01090909090909091,-0.5127272727272727,0.02181818181818182,-0.7163636363636363,0.03636363636363636,-0.850909090909091,0.04,-0.9709090909090909,-0.09454545454545454,-0.45454545454545453,-0.09090909090909091,-0.6145454545454545,-0.07636363636363637,-0.7163636363636363,-0.06545454545454546,-0.8145454545454546
7,0.0,0.0,0.1387900355871886,-0.099644128113879,0.22419928825622776,-0.27402135231316727,0.12099644128113879,-0.4199288256227758,-0.010676156583629894,-0.4804270462633452,0.2313167259786477,-0.501779359430605,0.2491103202846975,-0.693950177935943,0.23487544483985764,-0.8149466192170819,0.21352313167259787,-0.9217081850533808,0.11743772241992882,-0.5338078291814946,0.13523131672597866,-0.7473309608540926,0.13523131672597866,-0.8825622775800712,0.13167259786476868,-1.0,0.017793594306049824,-0.5124555160142349,0.02491103202846975,-0.7188612099644128,0.03914590747330961,-0.8540925266903915,0.042704626334519574,-0.9715302491103203,-0.08896797153024912,-0.45907473309608543,-0.08185053380782918,-0.6192170818505338,-0.0711743772241993,-0.7259786476868327,-0.06405693950177936,-0.8256227758007118
7,0.0,0.0,0.14901960784313725,-0.09019607843137255,0.23529411764705882,-0.27058823529411763,0.13333333333333333,-0.4196078431372549,0.00392156862745098,-0.4745098039215686,0.24705882352941178,-0.5019607843137255,0.2627450980392157,-0.6980392156862745,0.24705882352941178,-0.8235294117647058,0.2235294117647059,-0.9333333333333333,0.13725490196078433,-0.5333333333333333,0.1568627450980392,-0.7490196078431373,0.1568627450980392,-0.8862745098039215,0.14901960784313725,-1.0,0.03137254901960784,-0.5176470588235295,0.047058823529411764,-0.7254901960784313,0.058823529411764705,-0.8627450980392157,0.06274509803921569,-0.9803921568627451,-0.0784313725490196,-0.4627450980392157,-0.06666666666666667,-0.6235294117647059,-0.054901960784313725,-0.7294117647058823,-0.047058823529411764,-0.8274509803921568
7,0.0,0.0,0.1506276150627615,-0.09205020920502092,0.24267782426778242,-0.26778242677824265,0.14225941422594143,-0.41841004184100417,0.012552301255230125,-0.4811715481171548,0.25523012552301255,-0.497907949790795,0.27615062761506276,-0.694560669456067,0.26359832635983266,-0.8200836820083682,0.2384937238493724,-0.9288702928870293,0.14225941422594143,-0.5313807531380753,0.17154811715481172,-0.7447698744769874,0.17573221757322174,-0.8870292887029289,0.17154811715481172,-1.0,0.03765690376569038,-0.5146443514644351,0.05439330543933055,-0.7196652719665272,0.07112970711297072,-0.8577405857740585,0.07531380753138076,-0.9748953974895398,-0.07531380753138076,-0.4602510460251046,-0.058577405857740586,-0.6192468619246861,-0.04602510460251046,-0.7280334728033473,-0.03765690376569038,-0.8242677824267782
7,0.0,0.0,0.15021459227467812,-0.09012875536480687,0.2446351931330472,-0.26609442060085836,0.1459227467811159,-0.4206008583690987,0.017167381974248927,-0.48068669527896996,0.2446351931330472,-0.5021459227467812,0.26609442060085836,-0.6995708154506438,0.2575107296137339,-0.8240343347639485,0.2317596566523605,-0.9313304721030042,0.13304721030042918,-0.5321888412017167,0.1630901287553648,-0.7510729613733905,0.16738197424892703,-0.8884120171673819,0.1630901287553648,-1.0,0.030042918454935622,-0.5150214592274678,0.04721030042918455,-0.7253218884120172,0.06437768240343347,-0.8626609442060086,0.06866952789699571,-0.9785407725321889,-0.0815450643776824,-0.463519313304721,-0.06866952789699571,-0.6223175965665236,-0.055793991416309016,-0.7296137339055794,-0.05150214592274678,-0.8283261802575107
8,0.0,0.0,-0.29207920792079206,-0.0049504950495049506,-0.5594059405940595,-0.0594059405940594,-0.7772277227722773,-0.039603960396039604,-0.9653465346534653,-0.0594059405940594,-0.5792079207920792,-0.5297029702970297,-0.7227722772277227,-0.8168316831683168,-0.8861386138613861,-0.8366336633663366,-1.0,-0.7722772277227723,-0.4801980198019802,-0.5693069306930693,-0.6138613861386139,-0.9306930693069307,-0.801980198019802,-0.9257425742574258,-0.9158415841584159,-0.801980198019802,-0.36633663366336633,-0.5742574257425742,-0.48514851485148514,-0.900990099009901,-0.6782178217821783,-0.905940594059406,-0.7970297029702971,-0.8168316831683168,-0.2376237623762376,-0.5346534653465347,-0.3712871287128713,-0.7425742574257426,-0.5445544554455446,-0.801980198019802,-0.6831683168316832,-0.806930693069307
8,0.0,0.0,-0.2964824120603015,-0.01507537688442211,-0.5628140703517588,-0.07537688442211055,-0.7889447236180904,-0.06030150753768844,-0.9798994974874372,-0.08542713567839195,-0.5778894472361809,-0.5527638190954773,-0.7135678391959799,-0.8391959798994975,-0.8793969849246231,-0.864321608040201,-1.0,-0.7989949748743719,-0.47738693467336685,-0.5879396984924623,-0.6030150753768844,-0.949748743718593,-0.7989949748743719,-0.9447236180904522,-0.9195979899497487,-0.8241206030150754,-0.35678391959798994,-0.5879396984924623,-0.47738693467336685,-0.9246231155778895,-0.6733668341708543,-0.9246231155778895,-0.7989949748743719,-0.8391959798994975,-0.23115577889447236,-0.5527638190954773,-0.36180904522613067,-0.7688442211055276,-0.5376884422110553,-0.8291457286432161,-0.678391959798995,-0.8291457286432161
8,0.0,0.0,-0.2849740932642487,-0.010362694300518135,-0.5595854922279793,-0.07253886010362694,-0.7772020725388601,-0.06217616580310881,-0.9689119170984456,-0.09326424870466321,-0.5803108808290155,-0.5440414507772021,-0.7202072538860104,-0.8238341968911918,-0.8756476683937824,-0.8549222797927462,-1.0,-0.8031088082901554,-0.47668393782383417,-0.5803108808290155,-0.616580310880829,-0.9326424870466321,-0.8031088082901554,-0.9326424870466321,-0.9222797927461139,-0.8186528497409327,-0.3626943005181347,-0.5854922279792746,-0.49740932642487046,-0.9119170984455959,-0.6839378238341969,-0.9222797927461139,-0.8134715025906736,-0.844559585492228,-0.23316062176165803,-0.5492227979274611,-0.36787564766839376,-0.7616580310880829,-0.538860103626943,-0.8341968911917098,-0.6787564766839378,-0.844559585492228
8,0.0,0.0,-0.3005464480874317,-0.01639344262295082,-0.5846994535519126,-0.09289617486338798,-0.7978142076502732,-0.1092896174863388,-0.9836065573770492,-0.14207650273224043,-0.5792349726775956,-0.5683060109289617,-0.7213114754098361,-0.8360655737704918,-0.8743169398907104,-0.8852459016393442,-1.0,-0.8360655737704918,-0.4808743169398907,-0.6065573770491803,-0.6229508196721312,-0.9453551912568307,-0.7923497267759563,-0.9562841530054644,-0.9180327868852459,-0.8469945355191257,-0.366120218579235,-0.6065573770491803,-0.4972677595628415,-0.9289617486338798,-0.6721311475409836,-0.9562841530054644,-0.7978142076502732,-0.8797814207650273,-0.24043715846994534,-0.5683060109289617,-0.37158469945355194,-0.7814207650273224,-0.5245901639344263,-0.8633879781420765,-0.6557377049180327,-0.8797814207650273
8,0.0,0.0,-0.2988505747126437,0.017241379310344827,-0.5919540229885057,-0.05747126436781609,-0.8103448275862069,-0.09770114942528736,-1.0,-0.14367816091954022,-0.5747126436781609,-0.5574712643678161,-0.7068965517241379,-0.8448275862068966,-0.8563218390804598,-0.896551724137931,-0.9827586206896551,-0.8505747126436781,-0.47126436781609193,-0.603448275862069,-0.6091954022988506,-0.9482758620689655,-0.7931034482758621,-0.9597701149425287,-0.9195402298850575,-0.8505747126436781,-0.3620689655172414,-0.6091954022988506,-0.4942528735632184,-0.9310344827586207,-0.6781609195402298,-0.9540229885057471,-0.8103448275862069,-0.8793103448275862,-0.2413793103448276,-0.5747126436781609,-0.3620689655172414,-0.7931034482758621,-0.5229885057471264,-0.867816091954023,-0.6551724137931034,-0.8793103448275862
8,0.0,0.0,-0.30113636363636365,0.011363636363636364,-0.5852272727272727,-0.07386363636363637,-0.8011363636363636,-0.11363636363636363,-1.0,-0.1534090909090909,-0.5852272727272727,-0.5397727272727273,-0.7272727272727273,-0.7897727272727273,-0.8636363636363636,-0.8352272727272727,-0.9886363636363636,-0.8068181818181818,-0.48863636363636365,-0.5852272727272727,-0.625,-0.9090909090909091,-0.8011363636363636,-0.9261363636363636,-0.9375,-0.8352272727272727,-0.3806818181818182,-0.5909090909090909,-0.5056818181818182,-0.8920454545454546,-0.6875,-0.9147727272727273,-0.8295454545454546,-0.8522727272727273,-0.26136363636363635,-0.5511363636363636,-0.3806818181818182,-0.7556818181818182,-0.5340909090909091,-0.8295454545454546,-0.6704545454545454,-0.8409090909090909
8,0.0,0.0,-0.29120879120879123,-0.005494505494505495,-0.5769230769230769,-0.0989010989010989,-0.8021978021978022,-0.1043956043956044,-1.0,-0.14285714285714285,-0.5494505494505495,-0.5934065934065934,-0.6923076923076923,-0.8681318681318682,-0.8461538461538461,-0.9120879120879121,-0.9725274725274725,-0.8736263736263736,-0.43956043956043955,-0.6263736263736264,-0.5824175824175825,-0.967032967032967,-0.7637362637362637,-0.978021978021978,-0.9010989010989011,-0.8846153846153846,-0.31868131868131866,-0.6263736263736264,-0.45054945054945056,-0.9340659340659341,-0.6428571428571429,-0.967032967032967,-0.7857142857142857,-0.9065934065934066,-0.1978021978021978,-0.5769230769230769,-0.33516483516483514,-0.7857142857142857,-0.5,-0.8571428571428571,-0.6428571428571429,-0.8736263736263736
8,0.0,0.0,-0.28708133971291866,-0.03827751196172249,-0.5550239234449761,-0.11961722488038277,-0.7894736842105263,-0.11483253588516747,-1.0,-0.1339712918660287,-0.5311004784688995,-0.5789473684210527,-0.6698564593301436,-0.861244019138756,-0.8373205741626795,-0.8947368421052632,-0.9712918660287081,-0.8564593301435407,-0.4258373205741627,-0.6172248803827751,-0.5550239234449761,-0.9808612440191388,-0.7655502392344498,-0.9760765550239234,-0.9043062200956937,-0.861244019138756,-0.3062200956937799,-0.6076555023923444,-0.4258373205741627,-0.9521531100478469,-0.645933014354067,-0.9665071770334929,-0.7990430622009569,-0.8851674641148325,-0.18181818181818182,-0.5550239234449761,-0.32057416267942584,-0.7799043062200957,-0.5023923444976076,-0.8421052631578947,-0.6555023923444976,-0.8373205741626795
8,0.0,0.0,-0.2916666666666667,-0.041666666666666664,-0.5648148148148148,-0.12962962962962962,-0.7962962962962963,-0.12037037037037036,-1.0,-0.14814814814814814,-0.5138888888888888,-0.5879629629629629,-0.6435185185185185,-0.8888888888888888,-0.8148148148148148,-0.9212962962962963,-0.9583333333333334,-0.875,-0.4027777777777778,-0.6111111111111112,-0.5277777777777778,-0.9953703703703703,-0.7407407407407407,-0.9907407407407407,-0.8842592592592593,-0.8796296296296297,-0.2777777777777778,-0.5972222222222222,-0.39814814814814814,-0.9490740740740741,-0.6157407407407407,-0.9629629629629629,-0.7731481481481481,-0.8888888888888888,-0.1574074074074074,-0.5370370370370371,-0.2916666666666667,-0.7685185185185185,-0.47685185185185186,-0.8379629629629629,-0.6296296296296297,-0.8425925925925926
8,0.0,0.0,-0.28699551569506726,-0.04035874439461883,-0.547085201793722,-0.13004484304932734,-0.7847533632286996,-0.13004484304932734,-1.0,-0.16143497757847533,-0.5022421524663677,-0.5964125560538116,-0.6457399103139013,-0.874439461883408,-0.8161434977578476,-0.905829596412556,-0.9551569506726457,-0.8654708520179372,-0.3811659192825112,-0.6188340807174888,-0.5112107623318386,-0.9910313901345291,-0.7174887892376681,-0.9865470852017937,-0.8609865470852018,-0.8699551569506726,-0.2556053811659193,-0.600896860986547,-0.36771300448430494,-0.9417040358744395,-0.5964125560538116,-0.9551569506726457,-0.7533632286995515,-0.8699551569506726,-0.1210762331838565,-0.5336322869955157,-0.2556053811659193,-0.7668161434977578,-0.4484304932735426,-0.8251121076233184,-0.600896860986547,-0.8161434977578476
8,0.0,0.0,-0.29515418502202645,-0.039647577092511016,-0.5594713656387665,-0.12334801762114538,-0.788546255506608,-0.1145374449339207,-0.9911894273127754,-0.14096916299559473,-0.4801762114537445,-0.5947136563876652,-0.6123348017621145,-0.8898678414096917,-0.7929515418502202,-0.9118942731277533,-0.9427312775330396,-0.8546255506607929,-0.36123348017621143,-0.6123348017621145,-0.4801762114537445,-1.0,-0.6916299559471366,-0.986784140969163,-0.8370044052863436,-0.8590308370044053,-0.2290748898678414,-0.5903083700440529,-0.3303964757709251,-0.9427312775330396,-0.5682819383259912,-0.960352422907489,-0.7312775330396476,-0.8634361233480177,-0.10572687224669604,-0.5242290748898678,-0.2290748898678414,-0.7533039647577092,-0.42290748898678415,-0.8237885462555066,-0.5814977973568282,-0.8193832599118943
8,0.0,0.0,-0.30042918454935624,-0.055793991416309016,-0.5622317596566524,-0.13304721030042918,-0.7939914163090128,-0.11158798283261803,-1.0,-0.12875536480686695,-0.4892703862660944,-0.5879828326180258,-0.6351931330472103,-0.8669527896995708,-0.8111587982832618,-0.8927038626609443,-0.9613733905579399,-0.8412017167381974,-0.37339055793991416,-0.6180257510729614,-0.4978540772532189,-0.9914163090128756,-0.7081545064377682,-0.9742489270386266,-0.8540772532188842,-0.8454935622317596,-0.2446351931330472,-0.5965665236051502,-0.34334763948497854,-0.944206008583691,-0.5836909871244635,-0.9484978540772532,-0.7510729613733905,-0.8540772532188842,-0.11587982832618025,-0.5278969957081545,-0.2317596566523605,-0.7553648068669528,-0.4291845493562232,-0.8111587982832618,-0.5879828326180258,-0.7982832618025751
8,0.0,0.0,-0.2961165048543689,-0.038834951456310676,-0.558252427184466,-0.11650485436893204,-0.7815533980582524,-0.11650485436893204,-0.9902912621359223,-0.13106796116504854,-0.5388349514563107,-0.5922330097087378,-0.6699029126213593,-0.883495145631068,-0.8300970873786407,-0.9174757281553398,-0.9660194174757282,-0.8689320388349514,-0.4223300970873786,-0.6213592233009708,-0.5388349514563107,-0.9951456310679612,-0.7281553398058253,-1.0,-0.8640776699029126,-0.8932038834951457,-0.2912621359223301,-0.6067961165048543,-0.4029126213592233,-0.9563106796116505,-0.6019417475728155,-0.9805825242718447,-0.7475728155339806,-0.9077669902912622,-0.15048543689320387,-0.5533980582524272,-0.2815533980582524,-0.7864077669902912,-0.45145631067961167,-0.8592233009708737,-0.6019417475728155,-0.8737864077669902
8,0.0,0.0,-0.28421052631578947,-0.03684210526315789,-0.5368421052631579,-0.1,-0.7526315789473684,-0.09473684210526316,-0.9473684210526315,-0.12631578947368421,-0.5473684210526316,-0.531578947368421,-0.7105263157894737,-0.7578947368421053,-0.8631578947368421,-0.7894736842105263,-1.0,-0.7526315789473684,-0.4473684210526316,-0.5736842105263158,-0.5842105263157895,-0.8947368421052632,-0.7578947368421053,-0.8947368421052632,-0.8842105263157894,-0.7947368421052632,-0.3263157894736842,-0.5736842105263158,-0.45263157894736844,-0.8789473684210526,-0.6368421052631579,-0.8947368421052632,-0.7684210526315789,-0.8210526315789474,-0.20526315789473684,-0.531578947368421,-0.3263157894736842,-0.7263157894736842,-0.48947368421052634,-0.8,-0.6263157894736842,-0.8105263157894737
8,0.0,0.0,0.24666666666666667,-0.04,0.5333333333333333,-0.16,0.7533333333333333,-0.16,0.96,-0.14,0.48,-0.6733333333333333,0.64,-0.9266666666666666,0.8066666666666666,-0.9533333333333334,0.9466666666666667,-0.9266666666666666,0.36,-0.7,0.54,-1.0,0.74,-1.0,0.9,-0.9266666666666666,0.22666666666666666,-0.6733333333333333,0.42,-0.98,0.6333333333333333,-0.98,0.8066666666666666,-0.9266666666666666,0.09333333333333334,-0.6,0.3,-0.7733333333333333,0.49333333333333335,-0.8066666666666666,0.66,-0.8133333333333334
8,0.0,0.0,0.24358974358974358,-0.05128205128205128,0.5128205128205128,-0.16025641025641027,0.717948717948718,-0.16666666666666666,0.9166666666666666,-0.15384615384615385,0.4551282051282051,-0.6666666666666666,0.6089743589743589,-0.9230769230769231,0.782051282051282,-0.9615384615384616,0.9358974358974359,-0.9423076923076923,0.34615384615384615,-0.6858974358974359,0.5192307692307693,-0.9807692307692307,0.717948717948718,-1.0,0.8782051282051282,-0.9487179487179487,0.21794871794871795,-0.6666666666666666,0.40384615384615385,-0.9615384615384616,0.6025641025641025,-0.9935897435897436,0.7756410256410257,-0.9615384615384616,0.08974358974358974,-0.5897435897435898,0.28846153846153844,-0.7756410256410257,0.47435897435897434,-0.8333333333333334,0.6346153846153846,-0.8461538461538461
8,0.0,0.0,0.2375,-0.05,0.49375,-0.16875,0.69375,-0.18125,0.88125,-0.1875,0.44375,-0.65625,0.58125,-0.925,0.7375,-0.96875,0.88125,-0.95625,0.33125,-0.68125,0.48125,-0.975,0.6625,-1.0,0.825,-0.95,0.20625,-0.65625,0.36875,-0.9625,0.55625,-0.9875,0.73125,-0.95625,0.075,-0.5875,0.25625,-0.78125,0.43125,-0.84375,0.59375,-0.8625
8,0.0,0.0,0.23255813953488372,-0.05813953488372093,0.47093023255813954,-0.1686046511627907,0.6686046511627907,-0.19767441860465115,0.8604651162790697,-0.21511627906976744,0.4069767441860465,-0.6395348837209303,0.5465116279069767,-0.8837209302325582,0.686046511627907,-0.9534883720930233,0.8197674418604651,-0.9767441860465116,0.29651162790697677,-0.6686046511627907,0.43023255813953487,-0.9593023255813954,0.6104651162790697,-1.0,0.7674418604651163,-0.9593023255813954,0.1686046511627907,-0.6511627906976745,0.3081395348837209,-0.9302325581395349,0.48255813953488375,-0.9767441860465116,0.6453488372093024,-0.9534883720930233,0.046511627906976744,-0.5813953488372093,0.21511627906976744,-0.7616279069767442,0.37790697674418605,-0.8372093023255814,0.5406976744186046,-0.8662790697674418
8,0.0,0.0,0.20994475138121546,-0.055248618784530384,0.4419889502762431,-0.16574585635359115,0.6408839779005525,-0.18232044198895028,0.8397790055248618,-0.19889502762430938,0.35911602209944754,-0.6298342541436464,0.48066298342541436,-0.8950276243093923,0.6353591160220995,-0.9558011049723757,0.7790055248618785,-0.9613259668508287,0.26519337016574585,-0.6464088397790055,0.3867403314917127,-0.9502762430939227,0.574585635359116,-1.0,0.7458563535911602,-0.9558011049723757,0.16574585635359115,-0.6298342541436464,0.287292817679558,-0.9281767955801105,0.48066298342541436,-0.988950276243094,0.6574585635359116,-0.9668508287292817,0.0718232044198895,-0.5580110497237569,0.20441988950276244,-0.7624309392265194,0.36464088397790057,-0.8453038674033149,0.5138121546961326,-0.8674033149171271
8,0.0,0.0,0.23404255319148937,-0.06914893617021277,0.4627659574468085,-0.18617021276595744,0.6702127659574468,-0.20212765957446807,0.8670212765957447,-0.21808510638297873,0.3404255319148936,-0.648936170212766,0.4574468085106383,-0.925531914893617,0.6276595744680851,-0.973404255319149,0.7872340425531915,-0.9680851063829787,0.2393617021276596,-0.648936170212766,0.3670212765957447,-0.9787234042553191,0.5797872340425532,-1.0,0.7606382978723404,-0.9414893617021277,0.13297872340425532,-0.601063829787234,0.2712765957446808,-0.9202127659574468,0.4946808510638298,-0.9680851063829787,0.6914893617021277,-0.9468085106382979,0.03723404255319149,-0.5,0.18617021276595744,-0.7074468085106383,0.3617021276595745,-0.8031914893617021,0.5212765957446809,-0.851063829787234
8,0.0,0.0,0.26666666666666666,-0.06111111111111111,0.5333333333333333,-0.18888888888888888,0.7611111111111111,-0.2111111111111111,0.9666666666666667,-0.2111111111111111,0.4444444444444444,-0.65,0.6055555555555555,-0.9111111111111111,0.7611111111111111,-0.9666666666666667,0.9,-0.9722222222222222,0.3333333333333333,-0.6777777777777778,0.4888888888888889,-0.9833333333333333,0.6944444444444444,-1.0,0.8611111111111112,-0.9444444444444444,0.2111111111111111,-0.65,0.37222222222222223,-0.9555555555555556,0.5777777777777777,-0.9833333333333333,0.7555555555555555,-0.95,0.10555555555555556,-0.5722222222222222,0.28888888888888886,-0.75,0.4666666666666667,-0.8222222222222222,0.6277777777777778,-0.8611111111111112
8,0.0,0.0,0.26380368098159507,-0.04294478527607362,0.5460122699386503,-0.15950920245398773,0.7730061349693251,-0.17791411042944785,0.9754601226993865,-0.1901840490797546,0.5030674846625767,-0.6380368098159509,0.656441717791411,-0.8834355828220859,0.7975460122699386,-0.9447852760736196,0.9325153374233128,-0.9570552147239264,0.3987730061349693,-0.6687116564417178,0.5644171779141104,-0.9631901840490797,0.7361963190184049,-1.0,0.8895705521472392,-0.9693251533742331,0.27607361963190186,-0.656441717791411,0.44785276073619634,-0.9570552147239264,0.6441717791411042,-0.9877300613496932,0.8159509202453987,-0.9631901840490797,0.15950920245398773,-0.588957055214724,0.34355828220858897,-0.7730061349693251,0.5153374233128835,-0.8404907975460123,0.6687116564417178,-0.8650306748466258
8,0.0,0.0,0.2662337662337662,-0.045454545454545456,0.5454545454545454,-0.16233766233766234,0.7662337662337663,-0.18831168831168832,0.9675324675324676,-0.2077922077922078,0.512987012987013,-0.6428571428571429,0.6688311688311688,-0.8701298701298701,0.8116883116883117,-0.9415584415584416,0.9415584415584416,-0.9545454545454546,0.4090909090909091,-0.6753246753246753,0.5714285714285714,-0.9545454545454546,0.7402597402597403,-1.0,0.8896103896103896,-0.9675324675324676,0.2922077922077922,-0.6688311688311688,0.461038961038961,-0.9545454545454546,0.6428571428571429,-0.9935064935064936,0.8116883116883117,-0.974025974025974,0.17532467532467533,-0.6233766233766234,0.35064935064935066,-0.7987012987012987,0.5064935064935064,-0.8636363636363636,0.6558441558441559,-0.8961038961038961
8,0.0,0.0,0.2635135135135135,-0.0472972972972973,0.5405405405405406,-0.17567567567567569,0.7702702702702703,-0.19594594594594594,0.972972972972973,-0.20270270270270271,0.5135135135135135,-0.6283783783783784,0.6621621621621622,-0.8783783783783784,0.8040540540540541,-0.9459459459459459,0.9391891891891891,-0.9594594594594594,0.41216216216216217,-0.6621621621621622,0.5675675675675675,-0.9594594594594594,0.7432432432432432,-1.0,0.8918918918918919,-0.972972972972973,0.2972972972972973,-0.6554054054054054,0.4594594594594595,-0.9527027027027027,0.6418918918918919,-0.9932432432432432,0.8040540540540541,-0.9797297297297297,0.16891891891891891,-0.5945945945945946,0.33783783783783783,-0.7837837837837838,0.5,-0.8581081081081081,0.6486486486486487,-0.8986486486486487
8,0.0,0.0,0.2550335570469799,-0.04697986577181208,0.5302013422818792,-0.16778523489932887,0.7583892617449665,-0.18791946308724833,0.959731543624161,-0.19463087248322147,0.5033557046979866,-0.6308724832214765,0.6510067114093959,-0.8657718120805369,0.7986577181208053,-0.9328859060402684,0.9261744966442953,-0.9530201342281879,0.40268456375838924,-0.6644295302013423,0.5570469798657718,-0.9530201342281879,0.7181208053691275,-1.0,0.87248322147651,-0.9731543624161074,0.28187919463087246,-0.6577181208053692,0.436241610738255,-0.9463087248322147,0.610738255033557,-0.9932885906040269,0.7785234899328859,-0.9731543624161074,0.1610738255033557,-0.5973154362416108,0.3288590604026846,-0.785234899328859,0.4899328859060403,-0.8523489932885906,0.6375838926174496,-0.8791946308724832
8,0.0,0.0,0.2631578947368421,-0.039473684210526314,0.5526315789473685,-0.17105263157894737,0.7828947368421053,-0.19736842105263158,0.9868421052631579,-0.21052631578947367,0.5131578947368421,-0.631578947368421,0.6710526315789473,-0.8552631578947368,0.8092105263157895,-0.9276315789473685,0.9407894736842105,-0.9539473684210527,0.4144736842105263,-0.6644736842105263,0.5855263157894737,-0.9407894736842105,0.75,-1.0,0.9078947368421053,-0.9802631578947368,0.3026315789473684,-0.6578947368421053,0.48026315789473684,-0.9473684210526315,0.6644736842105263,-1.0,0.8355263157894737,-0.9868421052631579,0.18421052631578946,-0.6052631578947368,0.3684210526315789,-0.7894736842105263,0.5328947368421053,-0.868421052631579,0.6842105263157895,-0.9013157894736842
8,0.0,0.0,0.25146198830409355,-0.05263157894736842,0.52046783625731,-0.1871345029239766,0.7426900584795322,-0.21637426900584794,0.9415204678362573,-0.22807017543859648,0.43859649122807015,-0.631578947368421,0.5964912280701754,-0.8830409356725146,0.7543859649122807,-0.9532163742690059,0.8947368421052632,-0.9707602339181286,0.3333333333333333,-0.6608187134502924,0.49707602339181284,-0.9532163742690059,0.6900584795321637,-1.0,0.8538011695906432,-0.9707602339181286,0.2222222222222222,-0.6374269005847953,0.39766081871345027,-0.9415204678362573,0.5906432748538012,-0.9941520467836257,0.7660818713450293,-0.9883040935672515,0.11695906432748537,-0.5730994152046783,0.29239766081871343,-0.7602339181286549,0.4619883040935672,-0.847953216374269,0.6140350877192983,-0.9005847953216374
8,0.0,0.0,0.24210526315789474,-0.06842105263157895,0.46842105263157896,-0.18947368421052632,0.6736842105263158,-0.2,0.868421052631579,-0.21052631578947367,0.3526315789473684,-0.631578947368421,0.45263157894736844,-0.9052631578947369,0.6105263157894737,-0.968421052631579,0.7631578947368421,-0.968421052631579,0.2578947368421053,-0.631578947368421,0.3473684210526316,-0.9526315789473684,0.5473684210526316,-1.0,0.7210526315789474,-0.9631578947368421,0.15789473684210525,-0.5894736842105263,0.24736842105263157,-0.9105263157894737,0.4421052631578947,-0.9789473684210527,0.6157894736842106,-0.9631578947368421,0.07368421052631578,-0.5,0.17894736842105263,-0.7105263157894737,0.3368421052631579,-0.8157894736842105,0.48947368421052634,-0.8631578947368421
8,0.0,0.0,0.2436548223350254,-0.07106598984771574,0.47715736040609136,-0.19796954314720813,0.6852791878172588,-0.2131979695431472,0.883248730964467,-0.2182741116751269,0.350253807106599,-0.6345177664974619,0.4619289340101523,-0.9035532994923858,0.6243654822335025,-0.9644670050761421,0.7766497461928934,-0.9644670050761421,0.25888324873096447,-0.6446700507614214,0.3604060913705584,-0.9695431472081218,0.5685279187817259,-1.0,0.7411167512690355,-0.9441624365482234,0.15736040609137056,-0.6091370558375635,0.2639593908629442,-0.9390862944162437,0.4720812182741117,-0.9847715736040609,0.6548223350253807,-0.9543147208121827,0.07106598984771574,-0.5279187817258884,0.19289340101522842,-0.7258883248730964,0.3604060913705584,-0.817258883248731,0.5126903553299492,-0.8629441624365483
8,0.0,0.0,0.2648648648648649,-0.06486486486486487,0.518918918918919,-0.20540540540540542,0.7297297297297297,-0.23783783783783785,0.9243243243243243,-0.2594594594594595,0.4,-0.6486486486486487,0.5459459459459459,-0.8972972972972973,0.7081081081081081,-0.9567567567567568,0.8486486486486486,-0.9675675675675676,0.2918918918918919,-0.6648648648648648,0.44324324324324327,-0.972972972972973,0.6432432432432432,-1.0,0.8108108108108109,-0.9513513513513514,0.1837837837837838,-0.6324324324324324,0.34594594594594597,-0.9405405405405406,0.5513513513513514,-0.972972972972973,0.7243243243243244,-0.9513513513513514,0.0972972972972973,-0.5513513513513514,0.2702702702702703,-0.7351351351351352,0.44324324324324327,-0.8162162162162162,0.6,-0.8594594594594595
8,0.0,0.0,0.27380952380952384,-0.041666666666666664,0.5476190476190477,-0.17857142857142858,0.7678571428571429,-0.22023809523809523,0.9642857142857143,-0.24404761904761904,0.48214285714285715,-0.6488095238095238,0.6309523809523809,-0.8869047619047619,0.7738095238095238,-0.9523809523809523,0.9047619047619048,-0.9583333333333334,0.3869047619047619,-0.6726190476190477,0.5357142857142857,-0.9583333333333334,0.7083333333333334,-1.0,0.8511904761904762,-0.9642857142857143,0.27380952380952384,-0.6547619047619048,0.4226190476190476,-0.9583333333333334,0.6071428571428571,-1.0,0.7678571428571429,-0.9761904761904762,0.16666666666666666,-0.5952380952380952,0.3273809523809524,-0.7857142857142857,0.4880952380952381,-0.8690476190476191,0.6428571428571429,-0.9047619047619048
8,0.0,0.0,0.26666666666666666,-0.05454545454545454,0.5393939393939394,-0.2,0.7515151515151515,-0.24848484848484848,0.9393939393939394,-0.2787878787878788,0.4484848484848485,-0.6484848484848484,0.5878787878787879,-0.8787878787878788,0.7272727272727273,-0.9515151515151515,0.8606060606060606,-0.9636363636363636,0.34545454545454546,-0.6666666666666666,0.49696969696969695,-0.9575757575757575,0.6727272727272727,-1.0,0.8242424242424242,-0.9696969696969697,0.24242424242424243,-0.6484848484848484,0.3878787878787879,-0.9454545454545454,0.5696969696969697,-0.9818181818181818,0.7333333333333333,-0.9696969696969697,0.1393939393939394,-0.5757575757575758,0.296969696969697,-0.7575757575757576,0.45454545454545453,-0.8424242424242424,0.6,-0.8909090909090909
1,0.0,0.0,0.13157894736842105,-0.13157894736842105,0.2,-0.32105263157894737,0.22631578947368422,-0.48947368421052634,0.25263157894736843,-0.6263157894736842,0.005263157894736842,-0.5263157894736842,-0.015789473684210527,-0.7263157894736842,-0.03684210526315789,-0.8526315789473684,-0.05789473684210526,-0.9526315789473684,-0.10526315789473684,-0.5105263157894737,-0.14210526315789473,-0.7368421052631579,-0.1631578947368421,-0.8789473684210526,-0.18421052631578946,-1.0,-0.19473684210526315,-0.45789473684210524,-0.25263157894736843,-0.6578947368421053,-0.28421052631578947,-0.7947368421052632,-0.30526315789473685,-0.9105263157894737,-0.2789473684210526,-0.3736842105263158,-0.3526315789473684,-0.5157894736842106,-0.39473684210526316,-0.6210526315789474,-0.4263157894736842,-0.7157894736842105
1,0.0,0.0,0.13020833333333334,-0.140625,0.1875,-0.3385416666666667,0.203125,-0.5104166666666666,0.21875,-0.6510416666666666,-0.020833333333333332,-0.5416666666666666,-0.052083333333333336,-0.7395833333333334,-0.078125,-0.8645833333333334,-0.10416666666666667,-0.96875,-0.13541666666666666,-0.5208333333333334,-0.1875,-0.7395833333333334,-0.21875,-0.8854166666666666,-0.24479166666666666,-1.0,-0.22395833333333334,-0.4583333333333333,-0.2916666666666667,-0.6614583333333334,-0.328125,-0.796875,-0.3541666666666667,-0.9166666666666666,-0.3020833333333333,-0.3645833333333333,-0.3802083333333333,-0.5104166666666666,-0.4270833333333333,-0.6145833333333334,-0.46875,-0.7083333333333334
1,0.0,0.0,0.13,-0.14,0.195,-0.33,0.215,-0.5,0.23,-0.645,-0.005,-0.54,-0.04,-0.74,-0.065,-0.855,-0.095,-0.96,-0.115,-0.52,-0.165,-0.74,-0.19,-0.88,-0.215,-1.0,-0.21,-0.46,-0.27,-0.665,-0.3,-0.795,-0.32,-0.91,-0.29,-0.37,-0.365,-0.52,-0.405,-0.62,-0.44,-0.72
1,0.0,0.0,0.12980769230769232,-0.1346153846153846,0.1971153846153846,-0.3317307692307692,0.22596153846153846,-0.5,0.24519230769230768,-0.6394230769230769,0.0,-0.5480769230769231,-0.028846153846153848,-0.75,-0.052884615384615384,-0.8701923076923077,-0.07692307692307693,-0.9759615384615384,-0.11057692307692307,-0.5240384615384616,-0.15865384615384615,-0.7451923076923077,-0.19230769230769232,-0.8894230769230769,-0.21634615384615385,-1.0,-0.20192307692307693,-0.46634615384615385,-0.25961538461538464,-0.6730769230769231,-0.2932692307692308,-0.8076923076923077,-0.3125,-0.9182692307692307,-0.28365384615384615,-0.375,-0.35096153846153844,-0.5240384615384616,-0.3942307692307692,-0.6298076923076923,-0.42788461538461536,-0.7307692307692307
1,0.0,0.0,0.12962962962962962,-0.13425925925925927,0.19444444444444445,-0.32407407407407407,0.2175925925925926,-0.49074074074074076,0.24074074074074073,-0.6296296296296297,0.004629629629629629,-0.5416666666666666,-0.027777777777777776,-0.7361111111111112,-0.05092592592592592,-0.8564814814814815,-0.06944444444444445,-0.9629629629629629,-0.10648148148148148,-0.5231481481481481,-0.14814814814814814,-0.7407407407407407,-0.17592592592592593,-0.8796296296296297,-0.19907407407407407,-1.0,-0.19907407407407407,-0.4583333333333333,-0.25462962962962965,-0.6666666666666666,-0.28703703703703703,-0.7962962962962963,-0.3101851851851852,-0.9120370370370371,-0.2777777777777778,-0.36574074074074076,-0.35185185185185186,-0.5092592592592593,-0.39351851851851855,-0.6157407407407407,-0.4305555555555556,-0.7175925925925926
1,0.0,0.0,0.11555555555555555,-0.1288888888888889,0.17777777777777778,-0.31555555555555553,0.2088888888888889,-0.48444444444444446,0.24,-0.6222222222222222,0.0,-0.5333333333333333,-0.03111111111111111,-0.7333333333333333,-0.05333333333333334,-0.8577777777777778,-0.07111111111111111,-0.9644444444444444,-0.11555555555555555,-0.5155555555555555,-0.16,-0.7377777777777778,-0.18222222222222223,-0.88,-0.2,-1.0,-0.2088888888888889,-0.4577777777777778,-0.27555555555555555,-0.6577777777777778,-0.30666666666666664,-0.7911111111111111,-0.3244444444444444,-0.9066666666666666,-0.28444444444444444,-0.36,-0.37333333333333335,-0.5022222222222222,-0.4222222222222222,-0.6044444444444445,-0.4577777777777778,-0.7022222222222222
1,0.0,0.0,0.12133891213389121,-0.14225941422594143,0.1799163179916318,-0.3305439330543933,0.20920502092050208,-0.49372384937238495,0.23430962343096234,-0.6317991631799164,0.0041841004184100415,-0.5355648535564853,-0.02510460251046025,-0.7322175732217573,-0.04602510460251046,-0.8535564853556485,-0.07112970711297072,-0.9539748953974896,-0.10460251046025104,-0.5188284518828452,-0.14644351464435146,-0.7405857740585774,-0.17573221757322174,-0.8828451882845189,-0.200836820083682,-1.0,-0.19665271966527198,-0.4602510460251046,-0.25523012552301255,-0.6652719665271967,-0.28870292887029286,-0.799163179916318,-0.30962343096234307,-0.9121338912133892,-0.2803347280334728,-0.36401673640167365,-0.3514644351464435,-0.5104602510460251,-0.39748953974895396,-0.6108786610878661,-0.4309623430962343,-0.7112970711297071
1,0.0,0.0,0.12017167381974249,-0.14163090128755365,0.18454935622317598,-0.33047210300429186,0.21888412017167383,-0.49356223175965663,0.2446351931330472,-0.630901287553648,0.004291845493562232,-0.5407725321888412,-0.02145922746781116,-0.7424892703862661,-0.04291845493562232,-0.8626609442060086,-0.06866952789699571,-0.9656652360515021,-0.1072961373390558,-0.51931330472103,-0.15021459227467812,-0.7424892703862661,-0.18025751072961374,-0.8841201716738197,-0.2017167381974249,-1.0,-0.2017167381974249,-0.4592274678111588,-0.26609442060085836,-0.6652360515021459,-0.296137339055794,-0.7982832618025751,-0.3133047210300429,-0.9098712446351931,-0.27896995708154504,-0.3648068669527897,-0.3605150214592275,-0.5064377682403434,-0.40772532188841204,-0.6094420600858369,-0.44206008583690987,-0.703862660944206
1,0.0,0.0,0.12376237623762376,-0.13861386138613863,0.18316831683168316,-0.3316831683168317,0.2079207920792079,-0.49504950495049505,0.22772277227722773,-0.6287128712871287,-0.009900990099009901,-0.5396039603960396,-0.039603960396039604,-0.7376237623762376,-0.06435643564356436,-0.8564356435643564,-0.08415841584158416,-0.9554455445544554,-0.12376237623762376,-0.5198019801980198,-0.16831683168316833,-0.7376237623762376,-0.19801980198019803,-0.8811881188118812,-0.22277227722772278,-1.0,-0.21287128712871287,-0.45544554455445546,-0.27722772277227725,-0.6633663366336634,-0.3069306930693069,-0.7970297029702971,-0.3316831683168317,-0.9158415841584159,-0.297029702970297,-0.3613861386138614,-0.3712871287128713,-0.504950495049505,-0.4207920792079208,-0.6089108910891089,-0.45544554455445546,-0.7128712871287128
1,0.0,0.0,0.13157894736842105,-0.14736842105263157,0.18947368421052632,-0.34210526315789475,0.21052631578947367,-0.5052631578947369,0.23157894736842105,-0.6421052631578947,-0.010526315789473684,-0.5421052631578948,-0.03684210526315789,-0.7421052631578947,-0.06315789473684211,-0.8578947368421053,-0.08947368421052632,-0.9578947368421052,-0.12105263157894737,-0.5210526315789473,-0.1736842105263158,-0.7473684210526316,-0.21052631578947367,-0.8894736842105263,-0.24210526315789474,-1.0,-0.21578947368421053,-0.4631578947368421,-0.2736842105263158,-0.6736842105263158,-0.3105263157894737,-0.8105263157894737,-0.33157894736842103,-0.9263157894736842,-0.29473684210526313,-0.3736842105263158,-0.3736842105263158,-0.5157894736842106,-0.42105263157894735,-0.6210526315789474,-0.4631578947368421,-0.7157894736842105
1,0.0,0.0,0.12849162011173185,-0.15083798882681565,0.18994413407821228,-0.3575418994413408,0.2122905027932961,-0.5251396648044693,0.24022346368715083,-0.6480446927374302,-0.00558659217877095,-0.5586592178770949,-0.03910614525139665,-0.7486033519553073,-0.055865921787709494,-0.8603351955307262,-0.07262569832402235,-0.9608938547486033,-0.11731843575418995,-0.5418994413407822,-0.16759776536312848,-0.7541899441340782,-0.19553072625698323,-0.888268156424581,-0.21787709497206703,-1.0,-0.20670391061452514,-0.4860335195530726,-0.2681564245810056,-0.6871508379888268,-0.30726256983240224,-0.8100558659217877,-0.329608938547486,-0.9162011173184358,-0.2905027932960894,-0.4022346368715084,-0.36312849162011174,-0.5418994413407822,-0.4134078212290503,-0.6368715083798883,-0.45251396648044695,-0.7262569832402235
1,0.0,0.0,0.125,-0.1534090909090909,0.17613636363636365,-0.35795454545454547,0.19886363636363635,-0.5227272727272727,0.22727272727272727,-0.6477272727272727,-0.011363636363636364,-0.5568181818181818,-0.045454545454545456,-0.75,-0.06818181818181818,-0.8693181818181818,-0.09090909090909091,-0.9715909090909091,-0.125,-0.5340909090909091,-0.17045454545454544,-0.75,-0.20454545454545456,-0.8863636363636364,-0.22727272727272727,-1.0,-0.2159090909090909,-0.4772727272727273,-0.2784090909090909,-0.6818181818181818,-0.3125,-0.8125,-0.3409090909090909,-0.9204545454545454,-0.29545454545454547,-0.39204545454545453,-0.375,-0.5340909090909091,-0.4318181818181818,-0.6306818181818182,-0.4715909090909091,-0.7272727272727273
1,0.0,0.0,0.1286549707602339,-0.14619883040935672,0.1871345029239766,-0.34502923976608185,0.21637426900584794,-0.5146198830409356,0.23976608187134502,-0.6374269005847953,-0.011695906432748537,-0.5497076023391813,-0.04093567251461988,-0.7485380116959064,-0.06432748538011696,-0.8713450292397661,-0.08771929824561403,-0.9707602339181286,-0.11695906432748537,-0.5321637426900585,-0.1695906432748538,-0.7485380116959064,-0.19883040935672514,-0.8888888888888888,-0.2222222222222222,-1.0,-0.21052631578947367,-0.47368421052631576,-0.26900584795321636,-0.6783625730994152,-0.30409356725146197,-0.8128654970760234,-0.32748538011695905,-0.9298245614035088,-0.29239766081871343,-0.38011695906432746,-0.3742690058479532,-0.5263157894736842,-0.4269005847953216,-0.6257309941520468,-0.4678362573099415,-0.7251461988304093
0,0.0,0.0,0.15289256198347106,-0.10330578512396695,0.28512396694214875,-0.23553719008264462,0.40082644628099173,-0.34297520661157027,0.48760330578512395,-0.44214876033057854,0.1446280991735537,-0.4669421487603306,0.28512396694214875,-0.5785123966942148,0.38016528925619836,-0.5619834710743802,0.44214876033057854,-0.512396694214876,0.07024793388429752,-0.512396694214876,0.15289256198347106,-0.7107438016528925,0.2066115702479339,-0.8512396694214877,0.2396694214876033,-0.9793388429752066,-0.008264462809917356,-0.5041322314049587,-0.0371900826446281,-0.7231404958677686,-0.06198347107438017,-0.8760330578512396,-0.08264462809917356,-1.0,-0.08677685950413223,-0.4380165289256198,-0.21487603305785125,-0.5578512396694215,-0.30165289256198347,-0.6487603305785123,-0.3677685950413223,-0.7272727272727273
0,0.0,0.0,0.15767634854771784,-0.0995850622406639,0.29045643153526973,-0.22821576763485477,0.4024896265560166,-0.34024896265560167,0.49377593360995853,-0.43568464730290457,0.15352697095435686,-0.4605809128630705,0.29045643153526973,-0.5809128630705395,0.3817427385892116,-0.5643153526970954,0.43983402489626555,-0.5103734439834025,0.07468879668049792,-0.5062240663900415,0.14937759336099585,-0.7136929460580913,0.2074688796680498,-0.8547717842323651,0.24066390041493776,-0.979253112033195,-0.012448132780082987,-0.4979253112033195,-0.04149377593360996,-0.7178423236514523,-0.06224066390041494,-0.8755186721991701,-0.07883817427385892,-1.0,-0.0912863070539419,-0.43568464730290457,-0.21991701244813278,-0.5601659751037344,-0.3112033195020747,-0.6473029045643154,-0.3775933609958506,-0.7219917012448133
0,0.0,0.0,-0.20238095238095238,-0.03968253968253968,-0.39285714285714285,-0.09523809523809523,-0.5515873015873016,-0.15873015873015872,-0.5793650793650794,-0.2777777777777778,-0.32142857142857145,-0.43253968253968256,-0.4722222222222222,-0.5158730158730159,-0.5476190476190477,-0.4444444444444444,-0.5595238095238095,-0.3492063492063492,-0.25,-0.5158730158730159,-0.373015873015873,-0.7182539682539683,-0.4642857142857143,-0.8373015873015873,-0.5396825396825397,-0.9404761904761905,-0.13095238095238096,-0.5396825396825397,-0.18253968253968253,-0.75,-0.24603174603174602,-0.8849206349206349,-0.3055555555555556,-1.0,-0.003968253968253968,-0.5,0.05555555555555555,-0.6746031746031746,0.07936507936507936,-0.8015873015873016,0.0873015873015873,-0.9206349206349206
0,0.0,0.0,-0.2,-0.04,-0.392,-0.096,-0.548,-0.152,-0.576,-0.272,-0.324,-0.432,-0.476,-0.516,-0.552,-0.44,-0.56,-0.344,-0.252,-0.512,-0.376,-0.716,-0.468,-0.836,-0.544,-0.94,-0.136,-0.54,-0.192,-0.748,-0.256,-0.884,-0.316,-1.0,-0.008,-0.504,0.052,-0.676,0.068,-0.8,0.076,-0.92
